date,open,high,low,close,volume
2020-01-02,14129.5285164,14194.6412542,14064.4157786,14162.085366,210040
2020-01-03,14096.9716668,14129.5285164,13966.7461912,13966.7461912,436480
2020-01-06,13966.7461912,13966.7461912,13869.0766038,13934.1893416,93880
2020-01-07,13966.7461912,13999.3020794,13836.5197542,13934.1893416,167360
2020-01-08,13869.0766038,13869.0766038,13348.1718172,13348.1718172,547580
2020-01-09,13553.8066246,13622.2602274,13416.899419,13553.8066246,185180
2020-01-10,13553.8066246,13553.8066246,13006.1778022,13006.1778022,226740
2020-01-13,13006.1778022,13040.4046036,12527.0025826,12595.4561854,272090
2020-01-14,12595.4561854,12869.2705966,12527.0025826,12663.9097882,102600
2020-01-15,12663.9097882,12937.7241994,12663.9097882,12766.5901924,137510
2020-01-16,12869.2705966,12869.2705966,12663.9097882,12766.5901924,138410
2020-01-17,12732.363391,12766.5901924,12527.0025826,12527.0025826,223890
2020-01-20,12527.0025826,12663.9097882,12527.0025826,12629.6829868,123860
2020-01-21,12732.363391,12835.0437952,12595.4561854,12835.0437952,107650
2020-01-22,12835.0437952,13143.0850078,12800.8169938,13040.4046036,126800
2020-01-30,13006.1778022,13553.8066246,13006.1778022,13553.8066246,486140
2020-01-31,13553.8066246,13656.4870288,13108.8582064,13177.3118092,174620
2020-02-03,13006.1778022,13006.1778022,12321.6427356,12800.8169938,388800
2020-02-04,13314.2190148,13314.2190148,12800.8169938,13006.1778022,183600
2020-02-05,13006.1778022,13245.765412,13006.1778022,13177.3118092,213610
2020-02-06,13279.9922134,13759.167433,13245.765412,13759.167433,355150
2020-02-07,13690.7138302,14169.8890498,13690.7138302,14067.2086456,289610
2020-02-10,14067.2086456,14067.2086456,13724.9406316,13964.5282414,147400
2020-02-11,14067.2086456,14375.2488968,13964.5282414,14306.795294,131460
2020-02-12,14375.2488968,14649.063308,14272.569454,14512.1561024,467170
2020-02-13,14512.1561024,14546.3829038,14306.795294,14409.4756982,157210
2020-02-14,14409.4756982,14409.4756982,14032.9818442,14375.2488968,225660
2020-02-17,14375.2488968,14375.2488968,14101.435447,14101.435447,174670
2020-02-18,14101.435447,14169.8890498,13827.6210358,13930.30144,273990
2020-02-19,13793.3942344,13998.7550428,13793.3942344,13793.3942344,146890
2020-02-20,13827.6210358,13998.7550428,13793.3942344,13964.5282414,144240
2020-02-21,14032.9818442,14032.9818442,13896.0746386,13896.0746386,196030
2020-02-24,13588.033426,13622.2602274,13143.0850078,13279.9922134,456290
2020-02-25,13211.5386106,13348.4458162,13006.1778022,13314.2190148,613970
2020-02-26,13314.2190148,13553.8066246,13279.9922134,13519.5798232,148650
2020-02-27,13519.5798232,13793.3942344,13485.3530218,13656.4870288,104660
2020-02-28,13622.2602274,13622.2602274,13314.2190148,13485.3530218,216630
2020-03-02,13485.3530218,13656.4870288,13485.3530218,13519.5798232,97490
2020-03-03,13519.5798232,13759.167433,13519.5798232,13622.2602274,181630
2020-03-04,13416.899419,13656.4870288,13416.899419,13656.4870288,71920
2020-03-05,13690.7138302,13724.9406316,13553.8066246,13622.2602274,192150
2020-03-06,13485.3530218,13622.2602274,13485.3530218,13622.2602274,69810
2020-03-09,13314.2190148,13314.2190148,12766.5901924,12937.7241994,495860
2020-03-10,12869.2705966,13348.4458162,12732.363391,13279.9922134,139420
2020-03-11,13348.4458162,13622.2602274,12869.2705966,13143.0850078,217550
2020-03-12,12492.7757812,13143.0850078,12287.4159342,12355.869537,373010
2020-03-13,11979.3747216,12321.6427356,11500.199502,11979.3747216,1023590
2020-03-16,12218.9623314,12218.9623314,11500.199502,11500.199502,579440
2020-03-17,11157.931488,11637.1067076,11157.931488,11602.8799062,790680
2020-03-18,11671.333509,11979.3747216,11671.333509,11671.333509,240330
2020-03-19,11637.1067076,12321.6427356,11568.6531048,12218.9623314,261650
2020-03-20,12218.9623314,12321.6427356,11671.333509,11979.3747216,295750
2020-03-23,11979.3747216,11979.3747216,11192.1582894,11192.1582894,519200
2020-03-24,11260.6118922,11431.7458992,11192.1582894,11260.6118922,368930
2020-03-25,11500.199502,11637.1067076,11363.2922964,11500.199502,297110
2020-03-26,11568.6531048,11568.6531048,11294.8386936,11397.5190978,347300
2020-03-27,11534.4263034,11534.4263034,11226.3850908,11431.7458992,258190
2020-03-30,11226.3850908,11397.5190978,10952.5706796,11363.2922964,318450
2020-03-31,11363.2922964,11602.8799062,10952.5706796,11123.7046866,431170
2020-04-01,11123.7046866,11397.5190978,11123.7046866,11294.8386936,153810
2020-04-03,11363.2922964,11808.2407146,11363.2922964,11671.333509,339940
2020-04-06,11739.7871118,12390.095377,11739.7871118,12390.095377,598430
2020-04-07,12458.5489798,12629.6829868,12184.73553,12595.4561854,605420
2020-04-08,12321.6427356,12663.9097882,12253.1891328,12595.4561854,417770
2020-04-09,12663.9097882,12937.7241994,12595.4561854,12663.9097882,561590
2020-04-10,12698.1365896,12732.363391,12458.5489798,12595.4561854,282990
2020-04-13,12595.4561854,12663.9097882,12321.6427356,12527.0025826,491220
2020-04-14,12527.0025826,12629.6829868,12458.5489798,12595.4561854,489500
2020-04-15,12663.9097882,12937.7241994,12561.229384,12732.363391,861000
2020-04-16,12732.363391,13279.9922134,12663.9097882,13006.1778022,496470
2020-04-17,13177.3118092,13211.5386106,12800.8169938,12937.7241994,783780
2020-04-20,12937.7241994,13245.765412,12835.0437952,13143.0850078,784460
2020-04-21,13143.0850078,13930.30144,12800.8169938,13382.6726176,1029750
2020-04-22,13382.6726176,13861.8478372,13211.5386106,13622.2602274,377270
2020-04-23,13896.0746386,13896.0746386,13485.3530218,13519.5798232,287010
2020-04-24,13519.5798232,14238.3426526,13382.6726176,14135.6622484,724290
2020-04-27,14409.4756982,14409.4756982,13930.30144,13964.5282414,562160
2020-04-28,13964.5282414,14032.9818442,13827.6210358,14032.9818442,277810
2020-04-29,14067.2086456,14341.0220954,14032.9818442,14067.2086456,338950
2020-05-04,13861.8478372,13998.7550428,13724.9406316,13724.9406316,235860
2020-05-05,13690.7138302,13759.167433,13656.4870288,13656.4870288,244520
2020-05-06,13690.7138302,13998.7550428,13690.7138302,13827.6210358,246670
2020-05-07,13964.5282414,14032.9818442,13724.9406316,13793.3942344,245900
2020-05-08,13827.6210358,13861.8478372,13622.2602274,13724.9406316,681200
2020-05-11,13724.9406316,13861.8478372,13724.9406316,13759.167433,390310
2020-05-12,13759.167433,14341.0220954,13724.9406316,14306.795294,747160
2020-05-13,14238.3426526,14683.2901094,14101.435447,14614.8365066,734180
2020-05-14,14614.8365066,14649.063308,14443.7024996,14443.7024996,297450
2020-05-15,14375.2488968,14443.7024996,13998.7550428,14032.9818442,556260
2020-05-18,14306.795294,14306.795294,13861.8478372,13896.0746386,661280
2020-05-19,14101.435447,14169.8890498,13930.30144,13964.5282414,392310
2020-05-20,13930.30144,14306.795294,13930.30144,14238.3426526,464340
2020-05-21,14375.2488968,14375.2488968,14135.6622484,14101.435447,153180
2020-05-22,14169.8890498,14169.8890498,13998.7550428,14032.9818442,197220
2020-05-25,14032.9818442,14443.7024996,13964.5282414,14375.2488968,564010
2020-05-26,14443.7024996,14683.2901094,14443.7024996,14649.063308,508580
2020-05-27,14717.5169108,14888.6509178,14649.063308,14683.2901094,615950
2020-05-28,14580.6097052,14649.063308,14375.2488968,14477.929301,218170
2020-05-29,14409.4756982,14477.929301,14306.795294,14443.7024996,320120
2020-06-01,14443.7024996,14683.2901094,14375.2488968,14649.063308,334020
2020-06-02,14649.063308,14854.4241164,14512.1561024,14512.1561024,269520
2020-06-03,14546.3829038,14649.063308,14443.7024996,14512.1561024,125710
2020-06-04,14512.1561024,14649.063308,14443.7024996,14443.7024996,291600
2020-06-05,14443.7024996,14614.8365066,14443.7024996,14614.8365066,145940
2020-06-08,14854.4241164,14922.8777192,14717.5169108,14751.7437122,506720
2020-06-09,14785.9705136,14991.331322,14683.2901094,14854.4241164,347460
2020-06-10,14717.5169108,14854.4241164,14614.8365066,14751.7437122,216230
2020-06-11,14649.063308,14820.197315,14032.9818442,14032.9818442,511470
2020-06-12,13690.7138302,14238.3426526,13690.7138302,14135.6622484,370940
2020-06-15,14169.8890498,14204.1158512,13690.7138302,13690.7138302,647110
2020-06-16,14032.9818442,14032.9818442,13759.167433,13896.0746386,306060
2020-06-17,13998.7550428,14717.5169108,13896.0746386,14649.063308,414610
2020-06-18,14443.7024996,14649.063308,14306.795294,14614.8365066,350000
2020-06-19,14614.8365066,14614.8365066,14409.4756982,14546.3829038,435120
2020-06-22,14580.6097052,15299.3725346,14375.2488968,15299.3725346,721260
2020-06-23,15299.3725346,15367.8261374,14991.331322,15025.5581234,507350
2020-06-24,14957.1045206,15128.2385276,14683.2901094,14751.7437122,168340
2020-06-25,14512.1561024,14888.6509178,14512.1561024,14820.197315,311240
2020-06-26,14957.1045206,15196.6921304,14717.5169108,14991.331322,307500
2020-06-29,14991.331322,14991.331322,14169.8890498,14614.8365066,263610
2020-06-30,14717.5169108,14717.5169108,14375.2488968,14443.7024996,189590
2020-07-01,14443.7024996,14922.8777192,14375.2488968,14922.8777192,266490
2020-07-02,14751.7437122,14922.8777192,14717.5169108,14888.6509178,163850
2020-07-03,14854.4241164,15299.3725346,14854.4241164,15059.7849248,273440
2020-07-06,15094.0117262,15333.599336,14991.331322,15333.599336,355410
2020-07-07,15333.599336,15333.599336,15128.2385276,15299.3725346,394580
2020-07-08,15196.6921304,15333.599336,15059.7849248,15333.599336,175840
2020-07-09,15333.599336,15333.599336,15230.9189318,15299.3725346,135120
2020-07-10,15299.3725346,15299.3725346,15094.0117262,15196.6921304,189580
2020-07-13,15196.6921304,15299.3725346,15128.2385276,15230.9189318,266290
2020-07-14,15675.86735,16018.135364,15402.0529388,15812.7745556,842990
2020-07-15,15983.9085626,15983.9085626,15675.86735,15710.0941514,276300
2020-07-16,15744.3209528,15812.7745556,15744.3209528,15744.3209528,183260
2020-07-17,15744.3209528,16086.5889668,15607.4137472,16052.3621654,528230
2020-07-20,16394.629218,16394.629218,16018.135364,16120.8157682,358100
2020-07-21,16155.0425696,16189.2684096,15778.5477542,15881.2281584,350980
2020-07-22,15949.6817612,16018.135364,15744.3209528,15812.7745556,369060
2020-07-23,16178.203657,16251.4084986,15848.7837926,15885.3862134,305480
2020-07-24,15519.3629668,15812.1813718,14933.7271182,15372.954245,559390
2020-07-27,14567.7038716,15226.5445618,14421.2951498,14787.317435,514600
2020-07-28,14640.9087132,15372.954245,14640.9087132,15336.3518242,246620
2020-07-29,15226.5445618,15226.5445618,14640.9087132,15006.9309984,488960
2020-07-30,15226.5445618,15226.5445618,14933.7271182,15006.9309984,88840
2020-07-31,14640.9087132,15080.13584,14640.9087132,14897.1246974,103520
2020-08-03,14677.511134,15116.7382608,14677.511134,15043.5334192,300190
2020-08-04,15299.7494034,15372.954245,15080.13584,15372.954245,383310
2020-08-05,15336.3518242,15995.1925144,15299.7494034,15848.7837926,432950
2020-08-06,15848.7837926,15921.9876728,15629.1702292,15921.9876728,524150
2020-08-07,15812.1813718,15995.1925144,15775.578951,15995.1925144,529510
2020-08-10,16251.4084986,16251.4084986,15958.5900936,15958.5900936,248500
2020-08-11,16031.7949352,16031.7949352,15665.77265,15812.1813718,354300
2020-08-12,15812.1813718,15848.7837926,15665.77265,15812.1813718,190740
2020-08-13,15848.7837926,16104.9997768,15812.1813718,16068.397356,282700
2020-08-14,16031.7949352,16031.7949352,15812.1813718,15885.3862134,138720
2020-08-17,15848.7837926,15958.5900936,15775.578951,15885.3862134,105170
2020-08-18,15885.3862134,15921.9876728,15848.7837926,15921.9876728,149280
2020-08-19,15812.1813718,16031.7949352,15812.1813718,16031.7949352,186190
2020-08-20,16068.397356,16104.9997768,15995.1925144,16068.397356,171130
2020-08-21,16031.7949352,16617.4317452,15995.1925144,16580.8293244,751450
2020-08-24,16690.6356254,16763.840467,16471.022062,16690.6356254,233190
2020-08-25,16690.6356254,16727.2380462,16471.022062,16617.4317452,205600
2020-08-26,16434.4196412,16690.6356254,16397.8172204,16690.6356254,366610
2020-08-27,16727.2380462,16727.2380462,16544.2269036,16727.2380462,177290
2020-08-28,16837.0453086,17129.8627522,16763.840467,16763.840467,263980
2020-08-31,16763.840467,16763.840467,16471.022062,16580.8293244,217370
2020-09-01,16471.022062,16727.2380462,16397.8172204,16690.6356254,179240
2020-09-03,16763.840467,16837.0453086,16580.8293244,16837.0453086,195400
2020-09-04,16544.2269036,16800.4428878,16544.2269036,16800.4428878,252500
2020-09-07,16837.0453086,16837.0453086,16580.8293244,16654.0332046,114380
2020-09-08,16617.4317452,16727.2380462,16580.8293244,16727.2380462,160010
2020-09-09,16727.2380462,16800.4428878,16654.0332046,16763.840467,120010
2020-09-10,16837.0453086,17166.465173,16763.840467,17093.2603314,292120
2020-09-11,17129.8627522,17386.0787364,16946.8516096,17386.0787364,599310
2020-09-14,17349.4763156,17715.4995622,17349.4763156,17715.4995622,708330
2020-09-15,17825.3058632,17861.908284,17422.6811572,17495.8859988,637930
2020-09-16,17532.4884196,17532.4884196,17386.0787364,17422.6811572,119130
2020-09-17,17422.6811572,17569.089879,17312.8748562,17459.283578,406430
2020-09-18,17459.283578,17495.8859988,17166.465173,17203.0675938,277740
2020-09-21,17129.8627522,17276.2724354,17129.8627522,17203.0675938,121060
2020-09-22,17203.0675938,17349.4763156,17129.8627522,17276.2724354,165770
2020-09-23,17276.2724354,17386.0787364,17276.2724354,17349.4763156,115970
2020-09-24,17386.0787364,17422.6811572,17239.6700146,17239.6700146,82380
2020-09-25,17239.6700146,17349.4763156,17093.2603314,17276.2724354,76390
2020-09-28,17276.2724354,17349.4763156,17166.465173,17203.0675938,182870
2020-09-29,17203.0675938,17203.0675938,16983.4540304,16983.4540304,234050
2020-09-30,16983.4540304,17020.0564512,16837.0453086,16837.0453086,129100
2020-10-01,16983.4540304,17056.658872,16946.8516096,17056.658872,142240
2020-10-02,16983.4540304,17203.0675938,16837.0453086,16983.4540304,169460
2020-10-05,16983.4540304,17203.0675938,16946.8516096,17203.0675938,192520
2020-10-06,17312.8748562,17422.6811572,17166.465173,17239.6700146,272190
2020-10-07,17276.2724354,17349.4763156,17239.6700146,17312.8748562,201570
2020-10-08,17203.0675938,17312.8748562,17093.2603314,17276.2724354,182920
2020-10-09,17276.2724354,17312.8748562,17129.8627522,17276.2724354,104100
2020-10-12,17129.8627522,17276.2724354,16983.4540304,16983.4540304,234810
2020-10-13,16983.4540304,17129.8627522,16983.4540304,17056.658872,204670
2020-10-14,17020.0564512,17056.658872,16837.0453086,16983.4540304,311570
2020-10-15,16983.4540304,17129.8627522,16837.0453086,16910.2491888,112670
2020-10-16,16983.4540304,17020.0564512,16873.646768,16873.646768,141590
2020-10-19,16873.646768,17129.8627522,16837.0453086,17056.658872,146080
2020-10-20,16544.2269036,17166.465173,16544.2269036,17129.8627522,380790
2020-10-21,17129.8627522,17129.8627522,16837.0453086,16873.646768,102600
2020-10-22,16873.646768,16873.646768,16654.0332046,16690.6356254,264530
2020-10-23,16837.0453086,16837.0453086,16544.2269036,16544.2269036,270280
2020-10-26,16544.2269036,16727.2380462,16397.8172204,16397.8172204,191570
2020-10-27,16324.6133402,16471.022062,16178.203657,16251.4084986,146660
2020-10-28,16178.203657,16910.2491888,16141.6021976,16288.0109194,110550
2020-10-29,16178.203657,16471.022062,16068.397356,16471.022062,104680
2020-10-30,16580.8293244,16617.4317452,16397.8172204,16617.4317452,79010
2020-11-02,16397.8172204,16617.4317452,16397.8172204,16471.022062,30490
2020-11-03,16471.022062,16580.8293244,16434.4196412,16471.022062,72450
2020-11-04,16361.215761,16544.2269036,16361.215761,16544.2269036,41180
2020-11-05,16434.4196412,16580.8293244,16434.4196412,16544.2269036,100420
2020-11-06,16654.0332046,16654.0332046,16434.4196412,16580.8293244,66440
2020-11-09,16580.8293244,16690.6356254,16544.2269036,16654.0332046,66090
2020-11-10,16690.6356254,16910.2491888,16690.6356254,16910.2491888,243500
2020-11-11,16910.2491888,17129.8627522,16837.0453086,16946.8516096,284980
2020-11-12,16946.8516096,17203.0675938,16946.8516096,17056.658872,110870
2020-11-13,17020.0564512,17129.8627522,16873.646768,16983.4540304,125220
2020-11-16,16983.4540304,17129.8627522,16910.2491888,17056.658872,179300
2020-11-17,17129.8627522,17166.465173,16910.2491888,17166.465173,156690
2020-11-18,17203.0675938,17239.6700146,16800.4428878,16837.0453086,336540
2020-11-19,17020.0564512,17020.0564512,16800.4428878,16837.0453086,201580
2020-11-20,16837.0453086,16873.646768,16690.6356254,16837.0453086,119470
2020-11-23,16837.0453086,16910.2491888,16727.2380462,16763.840467,120210
2020-11-24,16800.4428878,17093.2603314,16763.840467,17020.0564512,522100
2020-11-25,17093.2603314,17093.2603314,16910.2491888,16946.8516096,90330
2020-11-26,16946.8516096,16983.4540304,16727.2380462,16800.4428878,191140
2020-11-27,16800.4428878,16800.4428878,16617.4317452,16617.4317452,290960
2020-11-30,16617.4317452,16763.840467,16580.8293244,16690.6356254,317900
2020-12-01,16617.4317452,16690.6356254,16544.2269036,16580.8293244,198210
2020-12-02,16580.8293244,16910.2491888,16580.8293244,16910.2491888,364580
2020-12-03,16983.4540304,17166.465173,16910.2491888,17166.465173,903810
2020-12-04,17203.0675938,17422.6811572,17203.0675938,17422.6811572,1152380
2020-12-07,17495.8859988,17715.4995622,17459.283578,17569.089879,469700
2020-12-08,17312.8748562,17422.6811572,17276.2724354,17349.4763156,533010
2020-12-09,17276.2724354,17459.283578,17276.2724354,17349.4763156,724950
2020-12-10,17349.4763156,17459.283578,17056.658872,17276.2724354,539320
2020-12-11,17532.4884196,17532.4884196,17276.2724354,17276.2724354,358160
2020-12-14,17312.8748562,17349.4763156,17166.465173,17276.2724354,672470
2020-12-15,17239.6700146,17642.2947206,17129.8627522,17349.4763156,989450
2020-12-16,17459.283578,17532.4884196,17312.8748562,17312.8748562,656660
2020-12-17,17203.0675938,17422.6811572,17166.465173,17166.465173,392080
2020-12-18,17166.465173,17386.0787364,17166.465173,17312.8748562,376570
2020-12-21,17312.8748562,18301.1354108,17312.8748562,18227.9315306,2203350
2020-12-22,18227.9315306,18374.3402524,18008.3179672,18374.3402524,753550
2020-12-23,18301.1354108,18520.7489742,18081.5218474,18118.1242682,588410
2020-12-24,18044.9194266,18044.9194266,16873.646768,17532.4884196,1451830
2020-12-25,17532.4884196,18154.726689,17532.4884196,18081.5218474,688690
2020-12-28,18081.5218474,18301.1354108,17861.908284,17935.1131256,597540
2020-12-29,17422.6811572,18008.3179672,17422.6811572,17935.1131256,575440
2020-12-30,17935.1131256,18191.3291098,17898.5107048,17898.5107048,426890
2020-12-31,17935.1131256,18008.3179672,17825.3058632,18008.3179672,232260
2021-01-04,18191.3291098,18264.5339514,18081.5218474,18191.3291098,694400
2021-01-05,18044.9194266,18191.3291098,18008.3179672,18044.9194266,508300
2021-01-06,17935.1131256,18374.3402524,17935.1131256,18044.9194266,646000
2021-01-07,18044.9194266,18410.9426732,18008.3179672,18191.3291098,615500
2021-01-08,18227.9315306,18374.3402524,18081.5218474,18264.5339514,1265500
2021-01-11,18520.7489742,19179.5906258,18520.7489742,19033.1809426,1910500
2021-01-12,19033.1809426,19179.5906258,18740.363499,18850.1698,791400
2021-01-13,18850.1698,18850.1698,18301.1354108,18520.7489742,645300
2021-01-14,18520.7489742,18667.1586574,18154.726689,18301.1354108,849800
2021-01-15,18301.1354108,18447.545094,18154.726689,18301.1354108,1095500
2021-01-18,18301.1354108,18447.545094,17825.3058632,18337.7378316,1544000
2021-01-19,18337.7378316,18630.5562366,17129.8627522,17276.2724354,917600
2021-01-20,17276.2724354,17642.2947206,16837.0453086,17569.089879,566100
2021-01-21,17569.089879,17825.3058632,17459.283578,17825.3058632,517400
2021-01-22,17861.908284,17861.908284,17459.283578,17459.283578,596200
2021-01-25,17459.283578,17715.4995622,17349.4763156,17642.2947206,665200
2021-01-26,17935.1131256,18520.7489742,17678.8971414,17935.1131256,1188900
2021-01-27,18008.3179672,18227.9315306,17605.6922998,17715.4995622,661500
2021-01-28,17129.8627522,17715.4995622,16507.6244828,16507.6244828,1992400
2021-01-29,16104.9997768,17386.0787364,16104.9997768,17166.465173,362900
2021-02-01,17935.1131256,17935.1131256,16837.0453086,16983.4540304,473600
2021-02-02,16837.0453086,17569.089879,16727.2380462,17239.6700146,400300
2021-02-03,17239.6700146,17532.4884196,17203.0675938,17495.8859988,884800
2021-02-04,17495.8859988,17605.6922998,17349.4763156,17495.8859988,550500
2021-02-05,17877.127246,17877.127246,17571.5347192,17609.7340254,351600
2021-02-08,17609.7340254,17647.9333316,17151.3461966,17189.5455028,742400
2021-02-09,17189.5455028,17342.3408048,17036.7492394,17265.9431538,768700
2021-02-17,17189.5455028,17571.5347192,17189.5455028,17456.937762,449700
2021-02-18,17342.3408048,17571.5347192,17342.3408048,17456.937762,585600
2021-02-19,17418.7394172,17571.5347192,17342.3408048,17571.5347192,617800
2021-02-22,17495.1370682,17838.9279398,17495.1370682,17533.3363744,522000
2021-02-23,17533.3363744,17647.9333316,17456.937762,17533.3363744,721400
2021-02-24,17533.3363744,17533.3363744,17304.14246,17342.3408048,971300
2021-02-25,17380.540111,17380.540111,17151.3461966,17189.5455028,885700
2021-02-26,17036.7492394,17265.9431538,16998.5499332,17151.3461966,809400
2021-03-01,17265.9431538,17724.3309826,17265.9431538,17647.9333316,675000
2021-03-02,17724.3309826,17724.3309826,17265.9431538,17418.7394172,843500
2021-03-03,17418.7394172,17533.3363744,17380.540111,17418.7394172,289400
2021-03-04,17418.7394172,17495.1370682,17265.9431538,17418.7394172,623400
2021-03-05,17456.937762,17456.937762,17189.5455028,17265.9431538,633900
2021-03-08,17418.7394172,17418.7394172,17189.5455028,17265.9431538,788400
2021-03-09,17265.9431538,17304.14246,17113.1468904,17227.7438476,1770700
2021-03-10,17304.14246,17762.5302888,17304.14246,17571.5347192,1780300
2021-03-11,17953.524897,18029.922548,17724.3309826,17915.3255908,1399300
2021-03-12,17953.524897,17991.7242032,17686.1316764,17724.3309826,884700
2021-03-15,17724.3309826,17724.3309826,17533.3363744,17571.5347192,823400
2021-03-16,17571.5347192,17686.1316764,17456.937762,17571.5347192,373200
2021-03-17,17533.3363744,17571.5347192,17342.3408048,17380.540111,1017600
2021-03-18,17418.7394172,17495.1370682,17113.1468904,17189.5455028,1879700
2021-03-19,17265.9431538,17456.937762,17265.9431538,17342.3408048,1142900
2021-03-22,17342.3408048,17533.3363744,17342.3408048,17456.937762,347700
2021-03-23,17456.937762,17456.937762,17189.5455028,17189.5455028,638000
2021-03-24,17036.7492394,17265.9431538,16883.952976,16883.952976,648000
2021-03-25,16960.3515884,17113.1468904,16960.3515884,17074.9485456,585200
2021-03-26,16883.952976,17036.7492394,16425.5651472,16807.555325,329400
2021-03-29,17036.7492394,17036.7492394,16845.7546312,16960.3515884,497200
2021-03-30,16960.3515884,17074.9485456,16845.7546312,16998.5499332,363200
2021-03-31,16998.5499332,16998.5499332,16807.555325,16960.3515884,453500
2021-04-01,16883.952976,17265.9431538,16807.555325,17265.9431538,1011700
2021-04-02,17227.7438476,17342.3408048,17151.3461966,17265.9431538,614000
2021-04-05,17495.1370682,17495.1370682,17113.1468904,17189.5455028,285100
2021-04-06,17189.5455028,17227.7438476,17074.9485456,17074.9485456,359900
2021-04-07,17074.9485456,17113.1468904,16998.5499332,17113.1468904,234300
2021-04-08,17113.1468904,17189.5455028,16998.5499332,16998.5499332,222300
2021-04-09,16922.1522822,17036.7492394,16845.7546312,16960.3515884,1082200
2021-04-12,16960.3515884,17113.1468904,16922.1522822,16998.5499332,368200
2021-04-13,16960.3515884,17036.7492394,16883.952976,16883.952976,698100
2021-04-14,16845.7546312,16883.952976,16692.9583678,16769.3560188,683200
2021-04-15,16807.555325,16845.7546312,16540.1621044,16654.7590616,651400
2021-04-16,16807.555325,16654.7590616,16043.5759308,16119.9735818,490200
2021-04-19,16119.9735818,16272.7698452,15967.1773184,16005.3766246,442900
2021-04-20,16005.3766246,16119.9735818,15928.9789736,15967.1773184,442300
2021-04-22,15967.1773184,16387.3668024,15890.7796674,15890.7796674,379400
2021-04-23,15814.3820164,16272.7698452,15585.188102,16272.7698452,228900
2021-04-26,16081.7742756,16081.7742756,15585.188102,15585.188102,247600
2021-04-27,15432.3918386,15585.188102,15394.1925324,15585.188102,133500
2021-04-28,15355.9932262,15661.585753,15355.9932262,15623.3864468,464600
2021-04-29,15661.585753,16654.7590616,15394.1925324,16196.3712328,2427900
2021-05-04,16043.5759308,16043.5759308,15737.983404,15814.3820164,269400
2021-05-05,15814.3820164,15967.1773184,15814.3820164,15890.7796674,275400
2021-05-06,15814.3820164,15967.1773184,15737.983404,15814.3820164,174100
2021-05-07,15814.3820164,15814.3820164,15508.7894896,15585.188102,281000
2021-05-10,15814.3820164,15585.188102,15317.7948814,15508.7894896,438400
2021-05-11,15508.7894896,15737.983404,15432.3918386,15585.188102,321800
2021-05-12,15737.983404,15737.983404,15546.9887958,15546.9887958,223800
2021-05-13,15470.5911448,15661.585753,15470.5911448,15470.5911448,302500
2021-05-14,15661.585753,15661.585753,15355.9932262,15394.1925324,247500
2021-05-17,15432.3918386,15432.3918386,15279.5955752,15317.7948814,270500
2021-05-18,15394.1925324,15394.1925324,15088.600967,15203.1979242,226700
2021-05-19,15203.1979242,15203.1979242,14744.8100954,14744.8100954,477200
2021-05-20,14744.8100954,14744.8100954,14286.4222666,14439.2175686,602600
2021-05-21,14477.4168748,14477.4168748,14248.2229604,14324.6206114,635700
2021-05-24,14324.6206114,14744.8100954,14324.6206114,14668.411483,320800
2021-05-25,14668.411483,14897.6053974,14515.616181,14897.6053974,335900
2021-05-26,14897.6053974,15126.7993118,14821.2077464,14821.2077464,371700
2021-05-27,14821.2077464,14821.2077464,14592.013832,14630.2131382,211200
2021-05-28,14668.411483,14706.6107892,14515.616181,14706.6107892,185000
2021-05-31,14630.2131382,14668.411483,14515.616181,14592.013832,338400
2021-06-01,14515.616181,14592.013832,14439.2175686,14477.4168748,363100
2021-06-02,14592.013832,14630.2131382,14477.4168748,14630.2131382,420100
2021-06-03,14630.2131382,15355.9932262,14630.2131382,15279.5955752,677000
2021-06-04,15546.9887958,15546.9887958,14935.8047036,15088.600967,311600
2021-06-07,15203.1979242,15317.7948814,14897.6053974,15088.600967,377000
2021-06-08,14974.0040098,15126.7993118,14592.013832,14744.8100954,406700
2021-06-09,14630.2131382,14897.6053974,14630.2131382,14744.8100954,327000
2021-06-10,14821.2077464,14821.2077464,14630.2131382,14744.8100954,302300
2021-06-11,14821.2077464,15050.4016608,14783.0084402,14974.0040098,306000
2021-06-14,14974.0040098,15432.3918386,14974.0040098,15279.5955752,739200
2021-06-15,15241.396269,15852.5803612,15241.396269,15661.585753,919900
2021-06-16,15737.983404,15967.1773184,15661.585753,15890.7796674,775500
2021-06-17,15661.585753,15890.7796674,15508.7894896,15814.3820164,368200
2021-06-18,15737.983404,16196.3712328,15546.9887958,16005.3766246,588600
2021-06-21,16043.5759308,16387.3668024,15814.3820164,16272.7698452,988100
2021-06-22,16349.1674962,16425.5651472,16119.9735818,16234.570539,492300
2021-06-23,16043.5759308,16196.3712328,15852.5803612,15967.1773184,497700
2021-06-24,15967.1773184,16196.3712328,15814.3820164,15967.1773184,292300
2021-06-25,15967.1773184,15967.1773184,15623.3864468,15814.3820164,297500
2021-06-28,15814.3820164,15890.7796674,15699.7850592,15737.983404,209600
2021-06-29,15737.983404,15852.5803612,15661.585753,15699.7850592,216100
2021-06-30,15737.983404,15737.983404,15661.585753,15661.585753,290800
2021-07-01,15699.7850592,16196.3712328,15661.585753,16005.3766246,478200
2021-07-02,16005.3766246,16119.9735818,15890.7796674,15967.1773184,256600
2021-07-05,15852.5803612,15928.9789736,15546.9887958,15661.585753,323400
2021-07-06,15852.5803612,15852.5803612,15279.5955752,15432.3918386,404800
2021-07-07,15279.5955752,15432.3918386,15126.7993118,15164.998618,437900
2021-07-08,15279.5955752,15279.5955752,15164.998618,15164.998618,201200
2021-07-09,15164.998618,15164.998618,14821.2077464,14821.2077464,340000
2021-07-12,14744.8100954,14744.8100954,14286.4222666,14439.2175686,994900
2021-07-13,14515.616181,14592.013832,14286.4222666,14439.2175686,290800
2021-07-14,14439.2175686,14515.616181,14324.6206114,14362.8199176,165600
2021-07-15,14439.2175686,14668.411483,14362.8199176,14668.411483,333800
2021-07-16,14706.6107892,14859.4070526,14477.4168748,14630.2131382,163400
2021-07-19,14477.4168748,14515.616181,14248.2229604,14248.2229604,282400
2021-07-20,14248.2229604,14324.6206114,13942.631395,14210.0236542,405400
2021-07-21,14286.4222666,14286.4222666,14019.029046,14019.029046,559800
2021-07-22,14057.2283522,14210.0236542,14057.2283522,14171.8253094,384000
2021-07-23,14248.2229604,14362.8199176,14057.2283522,14057.2283522,238300
2021-07-26,14133.6260032,14171.8253094,14019.029046,14133.6260032,931700
2021-07-27,14133.6260032,14210.0236542,14019.029046,14057.2283522,848500
2021-07-28,14133.6260032,14133.6260032,13980.8297398,14019.029046,523700
2021-07-29,14019.029046,14057.2283522,13980.8297398,14019.029046,340700
2021-07-30,13980.8297398,14210.0236542,13942.631395,14133.6260032,353100
2021-08-02,14133.6260032,14210.0236542,14057.2283522,14210.0236542,450600
2021-08-03,14133.6260032,14210.0236542,14057.2283522,14133.6260032,301500
2021-08-04,14171.8253094,14286.4222666,14133.6260032,14286.4222666,404200
2021-08-05,14286.4222666,14744.8100954,14286.4222666,14592.013832,438900
2021-08-06,14592.013832,14668.411483,14439.2175686,14439.2175686,211600
2021-08-09,14592.013832,14592.013832,14439.2175686,14553.8145258,265200
2021-08-10,14592.013832,14744.8100954,14477.4168748,14744.8100954,499300
2021-08-11,14897.6053974,14897.6053974,14630.2131382,14630.2131382,280200
2021-08-12,14630.2131382,14706.6107892,14477.4168748,14668.411483,294900
2021-08-13,14592.013832,14630.2131382,14286.4222666,14515.616181,463700
2021-08-16,14515.616181,14821.2077464,14515.616181,14706.6107892,519500
2021-08-17,14706.6107892,14706.6107892,14592.013832,14630.2131382,319600
2021-08-18,14515.616181,14783.0084402,14515.616181,14744.8100954,390300
2021-08-19,14744.8100954,14783.0084402,14592.013832,14744.8100954,325300
2021-08-20,14744.8100954,14974.0040098,14630.2131382,14821.2077464,844400
2021-08-23,14859.4070526,14859.4070526,14553.8145258,14744.8100954,578200
2021-08-24,14744.8100954,14744.8100954,14362.8199176,14553.8145258,412000
2021-08-25,14439.2175686,15088.600967,14401.0192238,14859.4070526,552200
2021-08-26,14744.8100954,14974.0040098,14630.2131382,14630.2131382,423600
2021-08-27,14744.8100954,15623.3864468,14592.013832,15623.3864468,2177500
2021-08-30,15890.7796674,16196.3712328,15661.585753,15928.9789736,1199600
2021-08-31,15890.7796674,16158.172888,15661.585753,15737.983404,932300
2021-09-01,15623.3864468,16769.3560188,15585.188102,16769.3560188,1966900
2021-09-06,16807.555325,16960.3515884,16463.7644534,16807.555325,1619600
2021-09-07,16807.555325,17151.3461966,16349.1674962,16425.5651472,1373200
2021-09-08,16349.1674962,16578.3614106,15890.7796674,16349.1674962,922900
2021-09-09,16349.1674962,16540.1621044,16310.96819,16540.1621044,682800
2021-09-10,16654.7590616,16692.9583678,16349.1674962,16387.3668024,543600
2021-09-13,16272.7698452,16463.7644534,16043.5759308,16349.1674962,727800
2021-09-14,16349.1674962,16425.5651472,15661.585753,16119.9735818,1099100
2021-09-15,16119.9735818,16158.172888,15585.188102,15699.7850592,1048900
2021-09-16,15852.5803612,16425.5651472,15814.3820164,16349.1674962,782100
2021-09-17,16349.1674962,16425.5651472,15967.1773184,16158.172888,470600
2021-09-20,16158.172888,16310.96819,15699.7850592,15699.7850592,896000
2021-09-21,15967.1773184,16349.1674962,15699.7850592,16310.96819,1470500
2021-09-22,16425.5651472,16425.5651472,15890.7796674,16119.9735818,1175600
2021-09-23,16425.5651472,16425.5651472,15928.9789736,16196.3712328,767700
2021-09-24,16043.5759308,16196.3712328,15852.5803612,16043.5759308,731200
2021-09-27,16119.9735818,16158.172888,15699.7850592,15737.983404,989100
2021-09-28,15776.1827102,16272.7698452,15776.1827102,16043.5759308,878500
2021-09-29,16404.2278356,16845.4171798,16043.2548232,16684.9845162,4603400
2021-09-30,16765.200848,16805.3094946,16364.1201504,16524.5518526,573800
2021-10-01,16604.7681844,16644.876831,16364.1201504,16524.5518526,750100
2021-10-04,16845.4171798,17647.5804978,16845.4171798,17647.5804978,3639400
2021-10-05,17848.1208466,17848.1208466,17406.9315024,17487.1478342,1003700
2021-10-06,17406.9315024,17727.7968296,17406.9315024,17607.4718512,868600
2021-10-07,17487.1478342,18048.6611954,17487.1478342,17928.3371784,1981400
2021-10-08,18048.6611954,18048.6611954,17487.1478342,17607.4718512,1335000
2021-10-11,17767.9045148,17808.0122,17166.282507,17406.9315024,1264000
2021-10-12,17447.0391876,17808.0122,17126.1738604,17647.5804978,1248600
2021-10-13,17888.2285318,18048.6611954,17647.5804978,17767.9045148,1004200
2021-10-14,18048.6611954,18048.6611954,17727.7968296,17767.9045148,724200
2021-10-15,17727.7968296,17888.2285318,17527.2555194,17808.0122,1154600
2021-10-18,17848.1208466,17968.4448636,17647.5804978,17808.0122,1103500
2021-10-19,17968.4448636,18369.5265226,17808.0122,18008.5535102,969100
2021-10-20,18329.4188374,18610.175518,18128.8775272,18489.8505396,1995800
2021-10-21,18449.7428544,18770.6081816,18209.093859,18650.2832032,1180000
2021-10-22,18650.2832032,18650.2832032,18249.2025056,18610.175518,753200
2021-10-25,18449.7428544,19011.257177,18449.7428544,18890.9321986,1480100
2021-10-26,18690.3918498,18850.8245134,18529.9591862,18770.6081816,718600
2021-10-27,18810.7158668,18810.7158668,18570.0668714,18690.3918498,1093200
2021-10-28,18730.499535,19051.3648622,18610.175518,19011.257177,1048700
2021-10-29,19011.257177,19091.4725474,18529.9591862,18810.7158668,1094200
2021-11-01,19051.3648622,19051.3648622,18449.7428544,18610.175518,1200700
2021-11-02,18730.499535,18850.8245134,18409.6351692,18529.9591862,1365900
2021-11-03,18810.7158668,18850.8245134,18128.8775272,18128.8775272,1508500
2021-11-04,18048.6611954,18289.3101908,18048.6611954,18048.6611954,748800
2021-11-05,18128.8775272,18570.0668714,18048.6611954,18529.9591862,1033800
2021-11-08,18610.175518,18690.3918498,18369.5265226,18610.175518,1270400
2021-11-09,18610.175518,18971.1485304,18449.7428544,18850.8245134,1639200
2021-11-10,19171.6888792,19652.98687,19051.3648622,19612.8791848,2690800
2021-11-11,19612.8791848,19652.98687,18931.0408452,19332.1215428,1135700
2021-11-12,19292.0138576,19492.5542064,19091.4725474,19251.905211,821900
2021-11-15,19251.905211,19652.98687,19091.4725474,19412.3378746,2108600
2021-11-16,19492.5542064,19893.6358654,19091.4725474,19452.4465212,1618800
2021-11-17,19532.662853,19532.662853,19091.4725474,19332.1215428,707200
2021-11-18,19372.2301894,19372.2301894,19091.4725474,19211.7975258,807200
2021-11-19,19211.7975258,19211.7975258,17888.2285318,18128.8775272,2287900
2021-11-22,17968.4448636,17968.4448636,17166.282507,17166.282507,1273200
2021-11-23,17246.4988388,17928.3371784,17086.0661752,17928.3371784,425600
2021-11-24,17968.4448636,18128.8775272,17607.4718512,17607.4718512,613500
2021-11-25,17647.5804978,18289.3101908,17447.0391876,17968.4448636,496400
2021-11-26,18249.2025056,18289.3101908,17808.0122,18088.769842,558700
2021-11-29,17727.7968296,18048.6611954,17567.364166,17928.3371784,552100
2021-11-30,18209.093859,18249.2025056,17808.0122,17888.2285318,678600
2021-12-01,17968.4448636,17968.4448636,17647.5804978,17968.4448636,400800
2021-12-02,17848.1208466,18489.8505396,17848.1208466,18048.6611954,512800
2021-12-03,18048.6611954,18209.093859,17607.4718512,17607.4718512,415200
2021-12-06,17607.4718512,17727.7968296,17126.1738604,17326.7151706,721300
2021-12-07,17487.1478342,18048.6611954,17326.7151706,17968.4448636,390200
2021-12-08,18008.5535102,18128.8775272,17848.1208466,18008.5535102,474000
2021-12-09,17968.4448636,19251.905211,17888.2285318,19251.905211,3329600
2021-12-10,19251.905211,19652.98687,19091.4725474,19572.7705382,2549500
2021-12-13,20054.068529,20054.068529,19492.5542064,19572.7705382,1522000
2021-12-14,19251.905211,20856.2308856,19251.905211,20735.9068686,4932900
2021-12-15,20856.2308856,21096.879881,20134.2848608,20455.1492266,2088900
2021-12-16,20535.3655584,21337.5288764,20134.2848608,20856.2308856,3380600
2021-12-17,20936.4472174,21417.7452082,20695.798222,20776.0145538,2723400
2021-12-20,20535.3655584,21818.8259058,20455.1492266,21658.3942036,2985500
2021-12-21,21497.96154,21899.0422376,21177.0962128,21457.8528934,2462500
2021-12-22,21497.96154,22420.4479136,21497.96154,21578.1778718,4197900
2021-12-23,21578.1778718,21698.5018888,20455.1492266,21096.879881,2764400
2021-12-24,20936.4472174,21257.3125446,20735.9068686,20936.4472174,2054700
2021-12-27,21096.879881,21497.96154,20455.1492266,21096.879881,1556900
2021-12-28,21457.8528934,21979.2585694,21177.0962128,21497.96154,2106300
2021-12-29,21497.96154,21979.2585694,21016.6635492,21016.6635492,1048100
2021-12-30,21096.879881,21177.0962128,20695.798222,21136.9875662,1225900
2021-12-31,21337.5288764,21578.1778718,20936.4472174,21096.879881,1277500
2022-01-04,21257.3125446,22019.367216,20936.4472174,21698.5018888,2799800
2022-01-05,22059.4749012,22059.4749012,21257.3125446,21297.4202298,2558800
2022-01-06,21337.5288764,21457.8528934,20936.4472174,21056.7712344,1678200
2022-01-07,20976.555864,21497.96154,20896.3395322,21177.0962128,2200900
2022-01-10,21016.6635492,21096.879881,20054.068529,20054.068529,3362400
2022-01-11,20013.9598824,20615.5818902,19933.7435506,20054.068529,1310500
2022-01-12,20054.068529,20695.798222,19492.5542064,20615.5818902,1252100
2022-01-13,20816.1232004,20856.2308856,19492.5542064,19492.5542064,1204500
2022-01-14,18931.0408452,19693.0955166,18850.8245134,19131.581194,882600
2022-01-17,19412.3378746,19572.7705382,17808.0122,17808.0122,1863000
2022-01-18,17808.0122,18289.3101908,17487.1478342,17727.7968296,914700
2022-01-19,17888.2285318,18048.6611954,17647.5804978,17727.7968296,674500
2022-01-20,17727.7968296,18610.175518,17727.7968296,18449.7428544,476100
2022-01-21,18449.7428544,18570.0668714,18048.6611954,18529.9591862,659300
2022-01-24,18329.4188374,18529.9591862,18088.769842,18088.769842,800000
2022-01-25,18048.6611954,18449.7428544,17848.1208466,18369.5265226,526300
2022-01-26,18730.499535,18730.499535,17968.4448636,17968.4448636,451100
2022-01-27,17968.4448636,18008.5535102,17647.5804978,17727.7968296,462000
2022-01-28,17727.7968296,18048.6611954,17727.7968296,17928.3371784,354000
2022-02-07,18209.093859,18850.8245134,18088.769842,18770.6081816,473400
2022-02-08,18730.499535,18931.0408452,18289.3101908,18931.0408452,604700
2022-02-09,19011.257177,19211.7975258,18610.175518,19091.4725474,544700
2022-02-10,19091.4725474,19372.2301894,19011.257177,19131.581194,462700
2022-02-11,19131.581194,19211.7975258,18850.8245134,19131.581194,433900
2022-02-14,18770.6081816,19251.905211,18770.6081816,19091.4725474,691900
2022-02-15,18931.0408452,19131.581194,18690.3918498,19091.4725474,329600
2022-02-16,19091.4725474,19532.662853,19091.4725474,19412.3378746,419800
2022-02-17,19412.3378746,19532.662853,19131.581194,19332.1215428,454400
2022-02-18,19211.7975258,19412.3378746,19171.6888792,19372.2301894,278300
2022-02-21,19492.5542064,20013.9598824,19412.3378746,19733.2032018,595100
2022-02-22,19532.662853,19572.7705382,18850.8245134,19211.7975258,556200
2022-02-23,19251.905211,19652.98687,19091.4725474,19131.581194,481400
2022-02-24,19091.4725474,19171.6888792,17808.0122,18128.8775272,1451800
2022-02-25,18409.6351692,18610.175518,18209.093859,18209.093859,651900
2022-02-28,18449.7428544,18770.6081816,18289.3101908,18449.7428544,382900
2022-03-01,18489.8505396,18810.7158668,18289.3101908,18610.175518,464200
2022-03-02,18690.3918498,18850.8245134,18329.4188374,18409.6351692,461400
2022-03-03,18209.093859,18449.7428544,18168.9861738,18369.5265226,503000
2022-03-04,18369.5265226,18570.0668714,18369.5265226,18369.5265226,469500
2022-03-07,18128.8775272,19011.257177,17968.4448636,18931.0408452,1229300
2022-03-08,18529.9591862,19171.6888792,18449.7428544,18449.7428544,1116100
2022-03-09,18770.6081816,18770.6081816,18128.8775272,18369.5265226,473700
2022-03-10,18770.6081816,18770.6081816,18289.3101908,18289.3101908,566700
2022-03-11,18289.3101908,18289.3101908,18048.6611954,18088.769842,567800
2022-03-14,18088.769842,18369.5265226,17928.3371784,18048.6611954,369500
2022-03-15,17808.0122,18289.3101908,17808.0122,18128.8775272,432000
2022-03-16,18369.5265226,18369.5265226,18088.769842,18128.8775272,525900
2022-03-17,18249.2025056,18249.2025056,18088.769842,18088.769842,433100
2022-03-18,18209.093859,18409.6351692,18128.8775272,18249.2025056,328200
2022-03-21,18289.3101908,18570.0668714,18209.093859,18289.3101908,477700
2022-03-22,18449.7428544,18449.7428544,18128.8775272,18249.2025056,704900
2022-03-23,18289.3101908,18850.8245134,18289.3101908,18610.175518,855900
2022-03-24,19011.257177,19011.257177,18650.2832032,18730.499535,822000
2022-03-25,18770.6081816,18931.0408452,18449.7428544,18570.0668714,675900
2022-03-28,18449.7428544,18570.0668714,18209.093859,18369.5265226,728100
2022-03-29,18449.7428544,18810.7158668,18449.7428544,18770.6081816,683500
2022-03-30,18770.6081816,19372.2301894,18770.6081816,18971.1485304,1371300
2022-03-31,19091.4725474,19652.98687,19051.3648622,19572.7705382,1739700
2022-04-01,19332.1215428,19693.0955166,19332.1215428,19532.662853,1491700
2022-04-04,19993.41861,19993.41861,19282.3556332,19282.3556332,854100
2022-04-05,19073.219407,19575.1461576,19031.3927386,19407.8375612,820800
2022-04-06,19282.3556332,20244.382466,19282.3556332,20077.0729082,1666500
2022-04-07,20077.0729082,20411.6910624,19993.41861,20077.0729082,1495900
2022-04-08,20328.0367642,20328.0367642,19700.6280856,19826.1100136,1075600
2022-04-12,19909.7643118,20035.2462398,19073.219407,19240.5289648,848000
2022-04-13,19240.5289648,19491.4918594,19073.219407,19156.8737052,663600
2022-04-14,19366.0099314,19658.8004558,19198.701335,19282.3556332,485200
2022-04-15,19282.3556332,20077.0729082,19240.5289648,19867.936682,1282800
2022-04-18,19951.5919416,20913.617813,19867.936682,20746.3092166,3483800
2022-04-19,20829.9635148,20997.2721112,20328.0367642,20328.0367642,1304600
2022-04-20,20160.7281678,21080.9273708,20160.7281678,20202.5548362,1834700
2022-04-21,20202.5548362,20829.9635148,18822.2565124,19324.183263,1680300
2022-04-22,19282.3556332,19658.8004558,18069.3659058,18822.2565124,1949300
2022-04-25,18822.2565124,18864.0831808,17525.6115254,17525.6115254,1955900
2022-04-26,17149.1667028,18738.6012528,16730.8942504,18738.6012528,1002200
2022-04-27,18654.9469546,19073.219407,18320.3297618,18738.6012528,517900
2022-04-28,18780.4288826,18905.9108106,18403.98406,18403.98406,647200
2022-04-29,18362.1564302,18905.9108106,18362.1564302,18780.4288826,548700
2022-05-04,18780.4288826,19826.1100136,18403.98406,19324.183263,791600
2022-05-05,19324.183263,19658.8004558,18822.2565124,19073.219407,572400
2022-05-06,18822.2565124,19282.3556332,18613.1202862,18780.4288826,547400
2022-05-09,18864.0831808,18864.0831808,17483.784857,17525.6115254,1163500
2022-05-10,16730.8942504,18236.6745022,16730.8942504,18111.1935356,442200
2022-05-11,18153.020204,18905.9108106,18111.1935356,18613.1202862,818300
2022-05-12,18403.98406,18738.6012528,17567.4391552,17567.4391552,654300
2022-05-13,17902.0573094,17902.0573094,16730.8942504,16814.5485486,868500
2022-05-16,17567.4391552,17818.4030112,17400.1305588,17441.9572272,353900
2022-05-17,17400.1305588,18320.3297618,17274.6486308,18278.502132,386700
2022-05-18,18153.020204,18320.3297618,17902.0573094,18069.3659058,284700
2022-05-19,17483.784857,18111.1935356,17483.784857,18027.538276,256100
2022-05-20,18153.020204,18738.6012528,17985.7116076,18153.020204,563900
2022-05-23,18153.020204,18738.6012528,17985.7116076,18111.1935356,480000
2022-05-24,18111.1935356,18362.1564302,17985.7116076,18236.6745022,366900
2022-05-25,18403.98406,18864.0831808,18320.3297618,18822.2565124,740800
2022-05-26,18822.2565124,18822.2565124,18487.6383582,18613.1202862,474600
2022-05-27,18571.2926564,19115.0470368,18571.2926564,18654.9469546,725700
2022-05-30,18864.0831808,19198.701335,18571.2926564,19073.219407,664300
2022-05-31,19073.219407,19616.9737874,18989.5651088,19575.1461576,1177100
2022-06-01,19658.8004558,20202.5548362,19658.8004558,20077.0729082,1018000
2022-06-02,20244.382466,20244.382466,19491.4918594,19491.4918594,948100
2022-06-03,19491.4918594,19826.1100136,19324.183263,19658.8004558,691200
2022-06-06,19658.8004558,20997.2721112,19575.1461576,20997.2721112,3799000
2022-06-07,21164.581669,21750.1627178,21164.581669,21331.8902654,2200200
2022-06-08,21750.1627178,22419.3980648,21666.5084196,21750.1627178,2311900
2022-06-09,21499.1988618,23255.9429696,21499.1988618,23255.9429696,6783700
2022-06-10,23255.9429696,23757.8697202,22168.4351702,22168.4351702,3486700
2022-06-13,21415.5445636,23716.0430518,21415.5445636,22837.6705172,4342900
2022-06-14,22712.1895506,24259.7964708,22168.4351702,24008.8335762,3976500
2022-06-15,24050.6602446,24134.3155042,22628.534291,23255.9429696,2466600
2022-06-16,23506.9068256,24761.7241828,23004.980075,23674.215422,5955700
2022-06-17,23172.2886714,24761.7241828,22837.6705172,24259.7964708,3429000
2022-06-20,24259.7964708,24259.7964708,22586.7076226,22586.7076226,2281700
2022-06-21,21833.817016,22586.7076226,21039.099741,21039.099741,5562900
2022-06-22,20913.617813,20913.617813,19575.1461576,19575.1461576,6149400
2022-06-23,19993.41861,20913.617813,19616.9737874,20913.617813,1474100
2022-06-24,21080.9273708,21290.063597,20202.5548362,20328.0367642,2089000
2022-06-27,20411.6910624,21290.063597,20160.7281678,20997.2721112,2212000
2022-06-28,21164.581669,21666.5084196,20328.0367642,20746.3092166,2524100
2022-06-29,20328.0367642,21415.5445636,20328.0367642,21248.2359672,1947300
2022-06-30,21499.1988618,22084.780872,20746.3092166,20746.3092166,1997700
2022-07-01,20662.6549184,21331.8902654,20244.382466,21122.7540392,2280100
2022-07-04,21331.8902654,21499.1988618,20746.3092166,20829.9635148,1150100
2022-07-05,20578.9996588,20746.3092166,19407.8375612,19407.8375612,3702300
2022-07-06,18571.2926564,19616.9737874,18571.2926564,18738.6012528,1770500
2022-07-07,18571.2926564,19407.8375612,18529.465988,19240.5289648,1290500
2022-07-08,19658.8004558,19658.8004558,19240.5289648,19366.0099314,921400
2022-07-11,19240.5289648,19407.8375612,18236.6745022,18571.2926564,1213700
2022-07-12,18864.0831808,19742.4557154,18696.7745844,19366.0099314,859300
2022-07-13,19658.8004558,19658.8004558,19198.701335,19240.5289648,639900
2022-07-14,19491.4918594,20202.5548362,19240.5289648,20160.7281678,1289400
2022-07-15,20160.7281678,20746.3092166,19951.5919416,19951.5919416,1448800
2022-07-18,20495.3453606,20495.3453606,19742.4557154,19909.7643118,756300
2022-07-19,21290.063597,21290.063597,20788.135885,21290.063597,2840000
2022-07-20,21833.817016,22544.8799928,21499.1988618,21541.0264916,2546500
2022-07-21,21582.8541214,22084.780872,21164.581669,21164.581669,1218700
2022-07-22,21541.0264916,21666.5084196,20746.3092166,20913.617813,814600
2022-07-25,20913.617813,21750.1627178,20913.617813,21750.1627178,1558400
2022-07-26,21708.335088,22001.1265738,21206.4083374,21206.4083374,737200
2022-07-27,20997.2721112,21833.817016,20997.2721112,21708.335088,1149900
2022-07-28,21917.4713142,22293.9170982,21750.1627178,22001.1265738,1416900
2022-07-29,22084.780872,22168.4351702,21582.8541214,21750.1627178,1330200
2022-08-01,21708.335088,22042.9532422,21415.5445636,21917.4713142,1554300
2022-08-02,21917.4713142,22754.016219,21833.817016,22586.7076226,1799200
2022-08-03,22461.2256946,22795.8438488,22252.0894684,22252.0894684,953000
2022-08-04,22335.7437666,22461.2256946,21875.6446458,21959.298944,1126600
2022-08-05,21791.9903476,22754.016219,21750.1627178,22001.1265738,1130800
2022-08-08,22001.1265738,22586.7076226,21917.4713142,22544.8799928,1227100
2022-08-09,22628.534291,22712.1895506,22084.780872,22252.0894684,982600
2022-08-10,22084.780872,22461.2256946,22042.9532422,22252.0894684,813200
2022-08-11,22293.9170982,22670.3619208,21666.5084196,21750.1627178,1426000
2022-08-12,21750.1627178,21875.6446458,21331.8902654,21582.8541214,1742900
2022-08-15,21750.1627178,22210.2618386,21708.335088,22210.2618386,820200
2022-08-16,22335.7437666,22461.2256946,21959.298944,22042.9532422,1230900
2022-08-17,22042.9532422,22168.4351702,21499.1988618,21624.6807898,1341000
2022-08-18,21582.8541214,21708.335088,21164.581669,21499.1988618,735000
2022-08-19,21499.1988618,21624.6807898,21331.8902654,21373.7178952,548100
2022-08-22,21248.2359672,21666.5084196,21039.099741,21122.7540392,637000
2022-08-23,21080.9273708,21624.6807898,21080.9273708,21624.6807898,588500
2022-08-24,21750.1627178,21959.298944,21582.8541214,21708.335088,820400
2022-08-25,21875.6446458,21875.6446458,21415.5445636,21582.8541214,1087700
2022-08-26,21750.1627178,21833.817016,21206.4083374,21415.5445636,1071800
2022-08-29,21080.9273708,21415.5445636,20913.617813,21331.8902654,1111000
2022-08-30,21541.0264916,21666.5084196,21290.063597,21415.5445636,703100
2022-08-31,21750.1627178,22879.498147,21457.3721934,22879.498147,4641700
2022-09-05,23172.2886714,23757.8697202,23004.980075,23255.9429696,1718400
2022-09-06,23255.9429696,24176.1421726,23255.9429696,23255.9429696,2831100
2022-09-07,23172.2886714,24008.8335762,23088.6343732,23214.1163012,2668300
2022-09-08,23548.733494,23674.215422,22670.3619208,22795.8438488,1668000
2022-09-09,23130.4610416,24385.2783988,23004.980075,24385.2783988,5644800
2022-09-12,24929.0327792,25514.613828,24510.7603268,25054.5147072,1632300
2022-09-13,25054.5147072,25681.9224244,24678.0689232,25096.3413756,1581700
2022-09-14,24678.0689232,26392.9863626,24594.414625,24761.7241828,3895300
2022-09-15,24845.378481,25430.9595298,24510.7603268,25263.6509334,1457400
2022-09-16,25179.9956738,26351.1587328,25179.9956738,25932.8862804,3196200
2022-09-19,25891.0586506,26685.776887,24719.896553,25263.6509334,2482600
2022-09-20,25514.613828,25514.613828,23925.179278,25096.3413756,2026400
2022-09-21,25012.6870774,25765.577684,24594.414625,24929.0327792,1402400
2022-09-22,24803.5508512,26643.9492572,24761.7241828,26643.9492572,2224600
2022-09-23,26769.4311852,27062.2217096,25514.613828,26058.3682084,1568300
2022-09-26,25347.3052316,26016.5405786,24594.414625,25514.613828,1818900
2022-09-27,25598.2681262,27271.3579358,25430.9595298,26602.1216274,1794200
2022-09-28,26602.1216274,26769.4311852,24761.7241828,24761.7241828,2623300
2022-09-29,24761.7241828,25012.6870774,23046.8067434,23046.8067434,3364100
2022-09-30,22335.7437666,24259.7964708,21666.5084196,23799.69735,2103000
2022-10-03,23548.733494,23548.733494,22168.4351702,22168.4351702,1655300
2022-10-04,22670.3619208,22837.6705172,21666.5084196,21750.1627178,1559500
2022-10-05,22210.2618386,23255.9429696,22210.2618386,23255.9429696,1662400
2022-10-06,23423.2525274,23674.215422,22042.9532422,22168.4351702,1845700
2022-10-07,22210.6694722,23153.9797698,20795.7040258,22382.180348,2076600
2022-10-10,22382.180348,23925.7791916,22296.4253908,23282.613167,1611100
2022-10-11,23282.613167,23282.613167,21653.2593662,21653.2593662,1824000
2022-10-12,21867.6477206,22725.2020996,21696.1368448,21953.4036392,902900
2022-10-13,21953.4036392,22596.5696638,21781.891802,22596.5696638,810400
2022-10-14,22768.0805396,23025.3463726,22296.4253908,22725.2020996,1949700
2022-10-17,22725.2020996,23325.4906456,21953.4036392,23325.4906456,1571000
2022-10-18,23882.901713,23882.901713,22896.7139368,23582.75744,1314900
2022-10-19,23239.7356884,23582.75744,22810.9580182,22810.9580182,883200
2022-10-20,22510.8137452,22939.5914154,21867.6477206,21953.4036392,1927100
2022-10-21,22124.914515,22596.5696638,21696.1368448,21867.6477206,1741600
2022-10-24,21910.5251992,22982.468894,21781.891802,22124.914515,1824800
2022-10-25,22339.3028694,22810.9580182,21267.3591746,22553.6912238,1575600
2022-10-26,22553.6912238,22939.5914154,22425.058788,22553.6912238,863100
2022-10-27,22553.6912238,22896.7139368,22039.1585964,22810.9580182,1285400
2022-10-28,23068.2248126,23111.1022912,22296.4253908,22553.6912238,864000
2022-10-31,22382.180348,22553.6912238,21524.625969,21781.891802,846900
2022-11-01,22253.5469508,22510.8137452,21953.4036392,22382.180348,530300
2022-11-02,22382.180348,22467.9362666,21781.891802,22039.1585964,685200
2022-11-03,22039.1585964,22039.1585964,20538.4381928,20538.4381928,2598900
2022-11-04,20409.8047956,21267.3591746,20238.2939198,20581.3156714,1176400
2022-11-07,20366.9263556,20581.3156714,19166.350225,19166.350225,1382200
2022-11-08,18394.5508032,19723.760331,18180.1624488,19552.2494552,1094000
2022-11-09,19509.3719766,20195.4154798,19466.494498,19723.760331,728100
2022-11-10,19294.9836222,19680.8828524,18351.6733246,18394.5508032,1442700
2022-11-11,18694.6950762,19680.8828524,18694.6950762,19680.8828524,1037200
2022-11-14,19680.8828524,19723.760331,18823.3284734,19595.1278952,721800
2022-11-15,19166.350225,19466.494498,18265.917406,18265.917406,1959100
2022-11-16,17794.2622572,19466.494498,17151.0962326,19466.494498,849100
2022-11-17,19723.760331,19981.0271254,19209.2277036,19466.494498,412000
2022-11-18,19466.494498,20409.8047956,18780.4500334,19723.760331,976900
2022-11-21,19809.5162496,20795.7040258,19766.638771,20795.7040258,716000
2022-11-22,20667.0706286,21095.8482988,20409.8047956,20581.3156714,716800
2022-11-23,20581.3156714,21867.6477206,20581.3156714,21438.8700504,968200
2022-11-24,20795.7040258,22382.180348,20795.7040258,21267.3591746,866400
2022-11-25,21481.7484904,21867.6477206,21095.8482988,21653.2593662,671400
2022-11-28,21867.6477206,22167.7919936,21567.5034476,21867.6477206,460300
2022-11-29,22039.1585964,22124.914515,21310.2366532,21867.6477206,652900
2022-11-30,21696.1368448,23325.4906456,21267.3591746,23325.4906456,1310800
2022-12-01,23368.3690856,23754.2683158,22339.3028694,22339.3028694,976600
2022-12-02,22124.914515,23025.3463726,22124.914515,23025.3463726,487000
2022-12-05,23582.75744,23582.75744,22425.058788,22810.9580182,811600
2022-12-06,22810.9580182,23582.75744,22082.036075,22682.324621,913300
2022-12-07,22682.324621,23582.75744,22382.180348,22982.468894,560800
2022-12-08,22982.468894,23454.1240428,22725.2020996,22982.468894,563100
2022-12-09,22982.468894,24011.5351102,22810.9580182,23711.3908372,907400
2022-12-12,23196.8572484,24568.9452162,23196.8572484,23582.75744,1060700
2022-12-13,23711.3908372,23925.7791916,23239.7356884,23797.1457944,302600
2022-12-14,24097.2900674,24097.2900674,23239.7356884,23754.2683158,513100
2022-12-15,23411.2465642,24097.2900674,23411.2465642,23968.6566702,479800
2022-12-16,23840.0242344,24354.5568618,23840.0242344,23968.6566702,705500
2022-12-19,23625.6349186,24225.9234646,23582.75744,23582.75744,408700
2022-12-20,23668.5123972,23754.2683158,22210.6694722,22939.5914154,540700
2022-12-21,23025.3463726,23153.9797698,22382.180348,22725.2020996,257100
2022-12-22,23153.9797698,23797.1457944,22682.324621,23797.1457944,376300
2022-12-23,23797.1457944,25426.5005566,23797.1457944,24611.8226948,1083200
2022-12-26,24611.8226948,24869.0894892,23840.0242344,24011.5351102,337300
2022-12-27,24097.2900674,24440.311819,23411.2465642,24268.8009432,415700
2022-12-28,23754.2683158,24654.7011348,23754.2683158,24654.7011348,331600
2022-12-29,24654.7011348,24697.5786134,24011.5351102,24611.8226948,275100
2022-12-30,24826.2120106,24826.2120106,24097.2900674,24740.456092,203000
2023-01-03,24783.334532,25297.8671594,24268.8009432,24997.7228864,216200
2023-01-04,25169.2337622,26155.4215384,24697.5786134,26112.5440598,608900
2023-01-05,26112.5440598,26927.2209602,25469.3780352,25726.6448296,958100
2023-01-06,25598.0114324,25812.3997868,24054.4125888,24654.7011348,1209800
2023-01-09,24654.7011348,24954.8454078,23840.0242344,24140.167546,681300
2023-01-10,24140.167546,24526.0677376,23882.901713,24183.045986,340400
2023-01-11,24225.9234646,24869.0894892,23797.1457944,24526.0677376,839900
2023-01-12,24611.8226948,24954.8454078,24268.8009432,24568.9452162,444300
2023-01-13,24611.8226948,24869.0894892,24440.311819,24526.0677376,554500
2023-01-16,24440.311819,24611.8226948,24140.167546,24225.9234646,295600
2023-01-17,24183.045986,24611.8226948,23925.7791916,24611.8226948,572000
2023-01-18,24611.8226948,24697.5786134,24354.5568618,24397.4343404,381600
2023-01-19,24440.311819,25083.4778436,24397.4343404,24397.4343404,765100
2023-01-27,24483.190259,24697.5786134,23582.75744,24183.045986,1114000
2023-01-30,24183.045986,24183.045986,23411.2465642,23454.1240428,1014000
2023-01-31,23454.1240428,24697.5786134,23411.2465642,24697.5786134,1179900
2023-02-01,24783.334532,24997.7228864,22982.468894,23668.5123972,1087600
2023-02-02,24097.2900674,24097.2900674,23068.2248126,23068.2248126,573100
2023-02-03,23153.9797698,23454.1240428,22725.2020996,23196.8572484,371900
2023-02-06,22982.468894,24097.2900674,22982.468894,24054.4125888,613500
2023-02-07,24097.2900674,24611.8226948,23968.6566702,24097.2900674,652600
2023-02-08,24225.9234646,24311.6793832,23882.901713,24097.2900674,622200
2023-02-09,23840.0242344,24311.6793832,23754.2683158,24011.5351102,208100
2023-02-10,24011.5351102,24869.0894892,24011.5351102,24097.2900674,902000
2023-02-13,24140.167546,25040.600365,24097.2900674,25040.600365,1103900
2023-02-14,25297.8671594,25383.6221166,24568.9452162,24654.7011348,407700
2023-02-15,24697.5786134,25126.3562836,24440.311819,24869.0894892,488900
2023-02-16,25212.1112408,25254.9896808,24654.7011348,24740.456092,412800
2023-02-17,24911.9669678,25555.1329924,24483.190259,25212.1112408,630200
2023-02-20,25212.1112408,25640.888911,24911.9669678,25297.8671594,605400
2023-02-21,25555.1329924,25555.1329924,24611.8226948,24611.8226948,677400
2023-02-22,24354.5568618,24869.0894892,24268.8009432,24354.5568618,611600
2023-02-23,24183.045986,25083.4778436,23882.901713,25040.600365,797700
2023-02-24,25040.600365,25555.1329924,24869.0894892,25040.600365,400600
2023-02-27,25040.600365,25040.600365,24311.6793832,24440.311819,326600
2023-02-28,24440.311819,24869.0894892,24440.311819,24611.8226948,283600
2023-03-01,24526.0677376,25083.4778436,24440.311819,25083.4778436,462700
2023-03-02,24997.7228864,26498.44329,24997.7228864,26412.6883328,2070400
2023-03-03,26584.1992086,26584.1992086,25383.6221166,25683.7663896,749100
2023-03-06,25855.2772654,26026.7881412,25212.1112408,25212.1112408,552500
2023-03-07,26541.32173,26541.32173,25469.3780352,25469.3780352,820700
2023-03-08,25469.3780352,25640.888911,24869.0894892,25555.1329924,1279800
2023-03-09,25855.2772654,26155.4215384,25598.0114324,25898.1557054,424200
2023-03-10,25640.888911,25812.3997868,25126.3562836,25383.6221166,557300
2023-03-13,25126.3562836,25469.3780352,25083.4778436,25126.3562836,591900
2023-03-14,25169.2337622,25212.1112408,24526.0677376,24869.0894892,1029300
2023-03-15,25126.3562836,25426.5005566,24997.7228864,25297.8671594,479300
2023-03-16,25126.3562836,25212.1112408,24826.2120106,24869.0894892,896100
2023-03-17,24954.8454078,25212.1112408,24611.8226948,24869.0894892,542700
2023-03-20,24869.0894892,25126.3562836,24440.311819,24440.311819,583900
2023-03-21,24740.456092,25040.600365,24568.9452162,24869.0894892,638700
2023-03-22,25040.600365,25212.1112408,24826.2120106,25040.600365,466600
2023-03-23,25305.7698674,25305.7698674,24861.808807,25083.7893372,323000
2023-03-24,25128.1848664,25128.1848664,24861.808807,24861.808807,315300
2023-03-27,24861.808807,25483.353907,24817.4123164,25394.5618872,650400
2023-03-28,25305.7698674,25527.7503976,25083.7893372,25305.7698674,461600
2023-03-29,25261.3733768,25572.1459268,25216.9768862,25394.5618872,246200
2023-03-30,25616.5424174,25616.5424174,25394.5618872,25394.5618872,264200
2023-03-31,25305.7698674,25572.1459268,25305.7698674,25572.1459268,437800
2023-04-03,25660.9379466,26104.899007,25483.353907,25882.9184768,532100
2023-04-04,25971.7104966,26548.8600674,25749.7299664,26548.8600674,707900
2023-04-05,26460.0680476,27436.7812268,26238.0875174,27081.6131476,939900
2023-04-06,26815.2361268,27170.4051674,26193.6910268,26193.6910268,882700
2023-04-07,26193.6910268,26282.4830466,25794.126457,25882.9184768,396600
2023-04-10,25882.9184768,26282.4830466,25794.126457,25971.7104966,269500
2023-04-11,25882.9184768,26460.0680476,25794.126457,26460.0680476,456500
2023-04-12,26460.0680476,27347.989207,26460.0680476,26548.8600674,841800
2023-04-13,26682.0485778,26948.4246372,26460.0680476,26593.2555966,240600
2023-04-14,26637.6520872,26637.6520872,25749.7299664,25749.7299664,571800
2023-04-17,25794.126457,26016.1069872,25572.1459268,25705.3344372,258500
2023-04-18,25616.5424174,26060.5025164,25616.5424174,26016.1069872,192900
2023-04-19,26282.4830466,26460.0680476,26104.899007,26104.899007,543900
2023-04-20,26104.899045456,26193.69121908,26016.106871832,26060.502958644,266800
2023-04-21,26371.275566328,26593.256000388,26016.106871832,26282.483392704,500700
2023-04-24,26460.067739952,26904.028608072,26060.502958644,26815.236434448,597600
2023-04-25,26815.236434448,27392.385563004,26770.840347636,26815.236434448,834200
2023-04-26,26904.028608072,26904.028608072,26504.463826764,26859.63252126,240000
2023-04-27,27037.216868508,27303.59338938,26726.444260824,26859.63252126,956600
2023-04-28,27081.61295532,28369.099472868,26948.424694884,28013.930778372,1358900
2023-05-04,28013.930778372,28369.099472868,27658.762083876,28147.119038808,935800
2023-05-05,28147.119038808,28191.51512562,27658.762083876,27658.762083876,548200
2023-05-08,28058.326865184,28147.119038808,27436.781649816,27436.781649816,746700
2023-05-09,27392.385563004,27747.5542575,27347.989476192,27614.365997064,430000
2023-05-10,27614.365997064,27925.138604748,27569.969910252,27703.158170688,386400
2023-05-11,28235.911212432,28235.911212432,27347.989476192,27347.989476192,682500
2023-05-12,27347.989476192,27791.950344312,26904.028608072,27658.762083876,1109200
2023-05-15,27969.53469156,27969.53469156,27347.989476192,27347.989476192,411200
2023-05-16,27525.57382344,27925.138604748,27392.385563004,27525.57382344,983400
2023-05-17,27525.57382344,27703.158170688,27170.405128944,27214.801215756,471300
2023-05-18,27259.197302568,27525.57382344,27214.801215756,27436.781649816,375700
2023-05-19,27525.57382344,28635.47599374,27525.57382344,28191.51512562,1197800
2023-05-22,28413.49555968,29745.37816404,28413.49555968,29390.209469544,1604400
2023-05-23,29390.209469544,29479.001643168,28768.664254176,29123.832948672,727200
2023-05-24,29079.43686186,29523.39772998,28990.644688236,29123.832948672,574300
2023-05-25,28857.4564278,29257.021209108,28724.268167364,29212.625122296,529500
2023-05-26,29301.41729592,29789.774250852,28857.4564278,29212.625122296,467600
2023-05-29,29345.813382732,29345.813382732,28990.644688236,29168.229035484,326600
2023-05-30,29212.625122296,29789.774250852,28946.248601424,29567.793816792,594800
2023-05-31,29612.189903604,29834.170337664,29168.229035484,29301.41729592,568800
2023-06-01,29390.209469544,29434.605556356,29079.43686186,29301.41729592,318600
2023-06-02,29301.41729592,29567.793816792,29123.832948672,29212.625122296,456400
2023-06-05,29567.793816792,30189.33903216,29257.021209108,29834.170337664,754800
2023-06-06,29789.774250852,29834.170337664,29390.209469544,29745.37816404,240700
2023-06-07,29745.37816404,30011.754684912,28946.248601424,29035.040775048,1128600
2023-06-08,29123.832948672,29257.021209108,28813.060340988,28813.060340988,791900
2023-06-09,28857.4564278,28857.4564278,28147.119038808,28546.683820116,738900
2023-06-12,28679.872080552,29079.43686186,28369.099472868,28768.664254176,513100
2023-06-13,28946.248601424,28946.248601424,28413.49555968,28413.49555968,532200
2023-06-14,28635.47599374,28635.47599374,27969.53469156,28191.51512562,710400
2023-06-15,28191.51512562,28591.079906928,28058.326865184,28591.079906928,289500
2023-06-16,28502.287733304,28679.872080552,27969.53469156,27969.53469156,632600
2023-06-19,27969.53469156,28235.911212432,27791.950344312,27969.53469156,273300
2023-06-20,27969.53469156,27969.53469156,27347.989476192,27525.57382344,737100
2023-06-21,27880.742517936,27880.742517936,27525.57382344,27703.158170688,596300
2023-06-22,27791.950344312,28768.664254176,27791.950344312,28768.664254176,1534700
2023-06-23,28946.248601424,28946.248601424,28280.307299244,28369.099472868,470400
2023-06-26,28235.911212432,28369.099472868,27703.158170688,28369.099472868,630200
2023-06-27,28369.099472868,28413.49555968,28013.930778372,28235.911212432,409100
2023-06-28,28147.119038808,28546.683820116,28058.326865184,28102.722951996,583300
2023-06-29,28102.722951996,28235.911212432,27525.57382344,27525.57382344,533000
2023-06-30,27392.385563004,27525.57382344,26548.859913576,26548.859913576,1212100
2023-07-03,26593.256000388,26904.028608072,26371.275566328,26371.275566328,636000
2023-07-04,26637.6520872,27081.61295532,26238.087305892,26992.820781696,846100
2023-07-05,27170.405128944,27170.405128944,26770.840347636,26815.236434448,594500
2023-07-06,26815.236434448,26815.236434448,26193.69121908,26637.6520872,723000
2023-07-07,26593.256000388,26637.6520872,26016.106871832,26415.67165314,1020500
2023-07-10,26326.879479516,27081.61295532,26193.69121908,27081.61295532,1100000
2023-07-11,27347.989476192,27347.989476192,26682.048174012,26770.840347636,785200
2023-07-12,26726.444260824,26859.63252126,26504.463826764,26548.859913576,526000
2023-07-13,26637.6520872,26904.028608072,26593.256000388,26815.236434448,844500
2023-07-14,26904.028608072,27836.346431124,26904.028608072,27836.346431124,2018300
2023-07-17,27836.346431124,27836.346431124,27525.57382344,27703.158170688,884300
2023-07-18,27703.158170688,27747.5542575,27392.385563004,27481.177736628,788400
2023-07-19,27525.57382344,27880.742517936,27259.197302568,27436.781649816,765500
2023-07-20,27259.197302568,27259.197302568,26948.424694884,27081.61295532,1378500
2023-07-21,26948.424694884,27436.781649816,26859.63252126,27303.59338938,1008900
2023-07-24,27303.59338938,27303.59338938,26637.6520872,26859.63252126,1052200
2023-07-25,27037.216868508,27037.216868508,26548.859913576,26548.859913576,748800
2023-07-26,26548.859913576,26992.820781696,26460.067739952,26682.048174012,660100
2023-07-27,26682.048174012,26992.820781696,24817.412527908,25838.522524584,1561600
2023-07-28,26149.295132268,26149.295132268,25749.73035096,25971.71078502,724700
2023-07-31,25971.71078502,26504.463826764,25927.314698208,26104.899045456,589500
2023-08-01,26104.899045456,26104.899045456,25794.126437772,25971.71078502,599200
2023-08-02,25749.73035096,25971.71078502,25749.73035096,25927.314698208,401000
2023-08-03,25927.314698208,26282.483392704,25927.314698208,26193.69121908,753900
2023-08-04,26238.087305892,26326.879479516,26016.106871832,26060.502958644,495800
2023-08-07,26282.483392704,26326.879479516,26060.502958644,26060.502958644,650200
2023-08-08,26104.899045456,26904.028608072,26060.502958644,26904.028608072,1841800
2023-08-09,26992.820781696,26992.820781696,26504.463826764,26548.859913576,806500
2023-08-10,26637.6520872,26904.028608072,26282.483392704,26282.483392704,1069600
2023-08-11,26282.483392704,26371.275566328,25838.522524584,26371.275566328,689900
2023-08-14,26371.275566328,26548.859913576,26149.295132268,26326.879479516,729600
2023-08-15,26371.275566328,26726.444260824,26282.483392704,26371.275566328,919500
2023-08-16,26282.483392704,26504.463826764,26104.899045456,26193.69121908,382200
2023-08-17,26060.502958644,26193.69121908,25882.918611396,25927.314698208,679600
2023-08-18,25927.314698208,25927.314698208,24151.471225728,24151.471225728,1663300
2023-08-21,24151.471225728,24595.432093848,24018.282965292,24417.8477466,431700
2023-08-22,24417.8477466,24595.432093848,24018.282965292,24595.432093848,675000
2023-08-23,24773.016441096,24773.016441096,24373.451659788,24417.8477466,367800
2023-08-24,24506.639920224,24506.639920224,24240.263399352,24506.639920224,336600
2023-08-25,24506.639920224,24506.639920224,24284.659486164,24417.8477466,563900
2023-08-28,24684.224267472,24684.224267472,24240.263399352,24506.639920224,360700
2023-08-29,24506.639920224,24639.82818066,24329.055572976,24462.243833412,492100
2023-08-30,24506.639920224,24595.432093848,24373.451659788,24462.243833412,293900
2023-08-31,24506.639920224,24906.204701532,24462.243833412,24773.016441096,617700
2023-09-05,24861.80861472,25794.126437772,24861.80861472,25749.73035096,897200
2023-09-06,25794.126437772,26149.295132268,25572.146003712,25705.334264148,965800
2023-09-07,25749.73035096,25927.314698208,25350.165569652,25527.7499169,973300
2023-09-08,25572.146003712,26460.067739952,25572.146003712,26193.69121908,2023900
2023-09-11,26593.256000388,26770.840347636,26238.087305892,26415.67165314,1383100
2023-09-12,26415.67165314,26682.048174012,26193.69121908,26504.463826764,888800
2023-09-13,26593.256000388,26593.256000388,26149.295132268,26193.69121908,1663300
2023-09-14,26098.83738,26332.69793,25537.57206,25631.11628,757200
2023-09-15,25444.02784,25818.20472,24882.76252,24882.76252,991000
2023-09-18,24882.76252,25069.85096,24555.35775,24789.2183,401600
2023-09-19,24789.2183,25818.20472,24555.35775,24976.30674,1343500
2023-09-20,25023.07885,25490.79995,25023.07885,25210.16729,585100
2023-09-21,25444.02784,25444.02784,24695.67408,24882.76252,965600
2023-09-22,24695.67408,24882.76252,24134.40876,24415.04142,896000
2023-09-25,24227.95298,24602.12986,23386.055,23573.14344,941400
2023-09-26,23479.59922,23713.45977,22918.3339,22918.3339,1021700
2023-09-27,22918.3339,23011.87812,22450.6128,23011.87812,656600
2023-09-28,23105.42234,23105.42234,22544.15702,22544.15702,557000
2023-09-29,22684.47335,23152.19445,22684.47335,22918.3339,441900
2023-10-02,23292.51078,23292.51078,23058.65023,23292.51078,435200
2023-10-03,23292.51078,23292.51078,22497.38491,22637.70124,670700
2023-10-04,22637.70124,22965.10601,22450.6128,22637.70124,369700
2023-10-05,22684.47335,23152.19445,22590.92913,22590.92913,538600
2023-10-06,22824.78968,22918.3339,22590.92913,22637.70124,221800
2023-10-09,22684.47335,23058.65023,22637.70124,23058.65023,553500
2023-10-10,23292.51078,24040.86454,23198.96656,23573.14344,653000
2023-10-11,23853.7761,23853.7761,23198.96656,23526.37133,275700
2023-10-12,23573.14344,23573.14344,23105.42234,23245.73867,631400
2023-10-13,23105.42234,23339.28289,22965.10601,23245.73867,388000
2023-10-16,23245.73867,23245.73867,22871.56179,22871.56179,474400
2023-10-17,22871.56179,23198.96656,22871.56179,22871.56179,437000
2023-10-18,22871.56179,22871.56179,21655.48693,21749.03115,1195300
2023-10-19,21702.25904,21749.03115,21328.08216,21421.62638,595600
2023-10-20,21047.4495,21515.1706,20907.13317,21515.1706,438600
2023-10-23,21842.57537,21842.57537,21234.53794,21374.85427,200600
2023-10-24,21421.62638,22123.20803,21328.08216,22076.43592,757600
2023-10-25,22076.43592,22403.84069,21936.11959,21936.11959,486200
2023-10-26,21140.99372,22076.43592,20953.90528,21000.67739,558400
2023-10-27,21140.99372,21515.1706,21047.4495,21515.1706,328500
2023-10-30,21234.53794,21702.25904,21234.53794,21515.1706,154500
2023-10-31,21515.1706,21515.1706,21187.76583,21187.76583,245300
2023-11-01,21234.53794,21561.94271,21000.67739,21374.85427,259300
2023-11-02,21374.85427,22076.43592,21374.85427,22076.43592,446300
2023-11-03,22310.29647,22310.29647,21795.80326,21936.11959,205000
2023-11-06,21982.8917,22310.29647,21936.11959,22263.52436,405000
2023-11-07,22263.52436,22544.15702,21982.8917,22310.29647,542500
2023-11-08,22403.84069,22824.78968,22216.75225,22824.78968,607600
2023-11-09,22918.3339,23105.42234,22731.24546,22824.78968,906000
2023-11-10,23198.96656,23994.09243,23198.96656,23526.37133,923200
2023-11-13,23432.82711,23666.68766,22965.10601,23011.87812,397900
2023-11-14,23152.19445,23386.055,22778.01757,23339.28289,491300
2023-11-15,23432.82711,23853.7761,23058.65023,23386.055,837600
2023-11-16,23386.055,23386.055,23105.42234,23339.28289,248800
2023-11-17,23339.28289,23573.14344,22824.78968,22918.3339,644800
2023-11-20,22731.24546,23105.42234,22637.70124,23058.65023,251500
2023-11-21,23198.96656,23198.96656,22918.3339,23198.96656,237600
2023-11-22,23198.96656,23526.37133,23198.96656,23339.28289,481500
2023-11-23,23526.37133,23526.37133,22965.10601,22965.10601,353000
2023-11-24,22918.3339,22918.3339,22310.29647,22778.01757,614700
2023-11-27,22778.01757,22778.01757,22263.52436,22263.52436,270400
2023-11-28,22263.52436,22637.70124,22169.98014,22637.70124,120900
2023-11-29,22637.70124,22778.01757,22544.15702,22544.15702,243100
2023-11-30,22544.15702,22684.47335,22310.29647,22497.38491,221900
2023-12-01,22684.47335,22684.47335,22310.29647,22357.06858,190900
2023-12-04,22450.6128,22731.24546,22450.6128,22731.24546,357200
2023-12-05,22918.3339,23432.82711,22824.78968,23292.51078,1201600
2023-12-06,23386.055,23432.82711,23058.65023,23292.51078,575700
2023-12-07,23479.59922,23479.59922,22824.78968,23198.96656,1064300
2023-12-08,23386.055,23619.91555,23058.65023,23245.73867,1260100
2023-12-11,23292.51078,23386.055,23058.65023,23152.19445,210500
2023-12-12,23105.42234,23198.96656,22778.01757,23058.65023,666600
2023-12-13,23198.96656,23198.96656,22684.47335,22731.24546,458200
2023-12-14,22684.47335,22871.56179,22450.6128,22544.15702,759000
2023-12-15,22871.56179,22871.56179,22544.15702,22544.15702,311300
2023-12-18,22357.06858,22497.38491,22310.29647,22310.29647,183400
2023-12-19,22357.06858,22357.06858,21936.11959,22076.43592,522400
2023-12-20,22169.98014,22263.52436,21982.8917,22123.20803,446400
2023-12-21,22076.43592,22169.98014,21749.03115,22169.98014,568200
2023-12-22,22310.29647,22357.06858,21889.34748,21936.11959,531900
2023-12-25,21795.80326,22450.6128,21795.80326,22357.06858,708700
2023-12-26,22544.15702,22544.15702,22029.66381,22357.06858,470600
2023-12-27,22357.06858,22357.06858,22029.66381,22029.66381,536800
2023-12-28,22123.20803,22450.6128,21982.8917,22450.6128,553400
2023-12-29,22544.15702,22918.3339,22450.6128,22918.3339,1349900
2024-01-02,23011.87812,23058.65023,22544.15702,23011.87812,1588800
2024-01-03,23011.87812,23198.96656,22965.10601,23198.96656,1073400
2024-01-04,23386.055,23479.59922,23198.96656,23245.73867,1847500
2024-01-05,23245.73867,23339.28289,22918.3339,23011.87812,1068300
2024-01-08,23058.65023,23292.51078,23058.65023,23105.42234,696400
2024-01-09,23105.42234,23198.96656,23011.87812,23105.42234,593600
2024-01-10,23386.055,23853.7761,23292.51078,23479.59922,1927800
2024-01-11,23807.00399,24461.81353,23713.45977,24321.4972,1922100
2024-01-12,24321.4972,24695.67408,23947.32032,24181.18087,1686900
2024-01-15,24181.18087,24602.12986,23947.32032,23994.09243,727600
2024-01-16,24040.86454,24274.72509,23900.54821,24274.72509,509900
2024-01-17,24321.4972,24602.12986,24087.63665,24274.72509,700500
2024-01-18,24134.40876,24274.72509,23853.7761,24040.86454,650200
2024-01-19,24040.86454,24227.95298,23994.09243,24134.40876,650100
2024-01-22,24368.26931,24648.90197,23947.32032,24227.95298,1508000
2024-01-23,24415.04142,24415.04142,23994.09243,24181.18087,801200
2024-01-24,24181.18087,24274.72509,23760.23188,23853.7761,1324900
2024-01-25,23853.7761,23900.54821,23666.68766,23666.68766,801400
2024-01-26,23666.68766,23900.54821,23666.68766,23807.00399,311400
2024-01-29,23900.54821,23994.09243,23666.68766,23666.68766,369300
2024-01-30,23947.32032,24461.81353,23666.68766,24461.81353,1384000
2024-01-31,24508.58564,24508.58564,23947.32032,24040.86454,602100
2024-02-01,24040.86454,24181.18087,23713.45977,24040.86454,581700
2024-02-02,24040.86454,24040.86454,23713.45977,23807.00399,641200
2024-02-05,23807.00399,23947.32032,23666.68766,23666.68766,752900
2024-02-06,23900.54821,23900.54821,23666.68766,23760.23188,432100
2024-02-07,23853.7761,23853.7761,23619.91555,23807.00399,787100
2024-02-15,23994.09243,24134.40876,23853.7761,24040.86454,542100
2024-02-16,24181.18087,24181.18087,24040.86454,24134.40876,648700
2024-02-19,24227.95298,24882.76252,24134.40876,24882.76252,2183400
2024-02-20,24929.53463,25069.85096,24742.44619,24882.76252,1199400
2024-02-21,24882.76252,24882.76252,24415.04142,24602.12986,1042500
2024-02-22,24461.81353,24648.90197,24368.26931,24415.04142,1309300
2024-02-23,24461.81353,24461.81353,23853.7761,23947.32032,1830400
2024-02-26,23853.7761,24040.86454,23760.23188,23994.09243,555600
2024-02-27,23994.09243,24227.95298,23947.32032,24181.18087,644100
2024-02-28,24321.4972,24415.04142,24040.86454,24227.95298,729600
2024-02-29,24227.95298,24227.95298,23900.54821,23994.09243,837300
2024-03-01,24040.86454,24321.4972,23947.32032,24321.4972,743300
2024-03-04,24555.35775,24882.76252,24368.26931,24415.04142,1997300
2024-03-05,24695.67408,24742.44619,24461.81353,24742.44619,1236300
2024-03-06,24602.12986,24742.44619,24321.4972,24415.04142,1016400
2024-03-07,24321.4972,24602.12986,24227.95298,24508.58564,1000900
2024-03-08,24555.35775,24789.2183,24321.4972,24555.35775,1311600
2024-03-11,24602.12986,24648.90197,24274.72509,24274.72509,995100
2024-03-12,24274.72509,24321.4972,23947.32032,24134.40876,1385100
2024-03-13,24181.18087,24321.4972,24040.86454,24227.95298,1019700
2024-03-14,24227.28,24467.63,24083.07,24179.21,1347900
2024-03-15,24227.28,24275.35,23986.93,24131.14,1010500
2024-03-18,24131.14,24179.21,23313.95,23506.23,1846000
2024-03-19,23458.16,23794.65,23217.81,23794.65,1025000
2024-03-20,23842.72,23842.72,23554.3,23794.65,590600
2024-03-21,23746.58,23842.72,23362.02,23362.02,2627300
2024-03-22,23362.02,23746.58,23362.02,23602.37,594800
2024-03-25,23602.37,23746.58,23554.3,23602.37,653800
2024-03-26,23650.44,23698.51,23410.09,23698.51,692400
2024-03-27,23698.51,24179.21,23698.51,24179.21,1271600
2024-03-28,24179.21,24227.28,23938.86,24131.14,625000
2024-03-29,24227.28,24227.28,23842.72,23890.79,627700
2024-04-01,23890.79,23890.79,23458.16,23458.16,1063500
2024-04-02,23554.3,23938.86,23458.16,23794.65,916000
2024-04-03,23794.65,23938.86,23506.23,23554.3,661000
2024-04-04,23410.09,23554.3,22689.04,22689.04,2548300
2024-04-05,22400.62,22544.83,22112.2,22160.27,2292400
2024-04-08,22112.2,22112.2,21198.87,21487.29,1999900
2024-04-09,21727.64,21919.92,21198.87,21919.92,847900
2024-04-10,21775.71,22304.48,21775.71,21871.85,743400
2024-04-11,21727.64,21823.78,21583.43,21679.57,610200
2024-04-12,21727.64,21967.99,21679.57,21823.78,460200
2024-04-15,21727.64,21727.64,21150.8,21150.8,1349800
2024-04-16,21150.8,21246.94,20477.82,20766.24,1302300
2024-04-17,21150.8,21150.8,20814.31,20814.31,421600
2024-04-19,20814.31,20814.31,20189.4,20237.47,878400
2024-04-22,20045.19,20766.24,20045.19,20670.1,1024500
2024-04-23,20622.03,20670.1,20333.61,20381.68,544400
2024-04-24,20477.82,20814.31,20477.82,20718.17,615700
2024-04-25,20622.03,20670.1,20477.82,20477.82,295500
2024-04-26,20477.82,20814.31,20477.82,20573.96,373500
2024-05-02,20573.96,21631.5,20573.96,21535.36,1024100
2024-05-03,21727.64,21727.64,21246.94,21535.36,442100
2024-05-06,21535.36,21631.5,21246.94,21439.22,552800
2024-05-07,21631.5,21631.5,21295.01,21391.15,413700
2024-05-08,21391.15,21535.36,21150.8,21391.15,516300
2024-05-09,21631.5,21631.5,21198.87,21246.94,443200
2024-05-10,21246.94,21391.15,21006.59,21102.73,424800
2024-05-13,21054.66,21391.15,21054.66,21246.94,343000
2024-05-14,21343.08,21343.08,21054.66,21198.87,205200
2024-05-15,21150.8,21246.94,20910.45,21054.66,611000
2024-05-16,21246.94,21583.43,21006.59,21583.43,1247600
2024-05-17,21631.5,21631.5,21391.15,21487.29,552600
2024-05-20,21631.5,21679.57,21439.22,21487.29,819200
2024-05-21,21487.29,21535.36,21246.94,21343.08,487600
2024-05-22,21583.43,21583.43,21198.87,21295.01,924700
2024-05-23,21295.01,22304.48,21246.94,22304.48,2296300
2024-05-24,22112.2,22256.41,21439.22,21727.64,1163100
2024-05-27,21919.92,22544.83,21775.71,22304.48,1492300
2024-05-28,22304.48,22448.69,22016.06,22304.48,897200
2024-05-29,22304.48,22304.48,21727.64,21775.71,1714300
2024-05-30,21823.78,22737.11,21775.71,22496.76,2005900
2024-05-31,22592.9,22689.04,22016.06,22160.27,1003000
2024-06-03,22208.34,23073.6,22208.34,22689.04,1874500
2024-06-04,22689.04,22833.25,22208.34,22496.76,1171000
2024-06-05,22592.9,22592.9,21871.85,21919.92,1868000
2024-06-06,21967.99,22208.34,21823.78,22016.06,981200
2024-06-07,22112.2,22496.76,21967.99,22256.41,933900
2024-06-10,22496.76,22496.76,22112.2,22208.34,708400
2024-06-11,22208.34,22496.76,21967.99,22016.06,846600
2024-06-12,22016.06,22064.13,21871.85,22064.13,450800
2024-06-13,22112.2,22304.48,21967.99,22016.06,904500
2024-06-14,22016.06,22304.48,21295.01,21295.01,1530500
2024-06-17,21343.08,21631.5,21198.87,21583.43,893700
2024-06-18,21823.78,22160.27,21631.5,21919.92,869500
2024-06-19,22016.06,22016.06,21535.36,21631.5,594600
2024-06-20,21727.64,21727.64,21246.94,21535.36,545300
2024-06-21,21631.5,21631.5,21391.15,21439.22,379100
2024-06-24,21439.22,21535.36,20862.38,20862.38,883800
2024-06-25,20910.45,21295.01,20910.45,21150.8,378300
2024-06-26,21343.08,21343.08,20910.45,21150.8,415000
2024-06-27,21343.08,21343.08,20862.38,21150.8,245800
2024-06-28,20958.52,21246.94,20862.38,20862.38,503700
2024-07-01,21006.59,21102.73,20766.24,21102.73,235500
2024-07-02,21343.08,21343.08,21054.66,21150.8,193600
2024-07-03,21102.73,21198.87,20958.52,21150.8,294500
2024-07-04,21150.8,21295.01,21102.73,21150.8,338600
2024-07-05,21150.8,21198.87,21054.66,21102.73,206600
2024-07-08,20958.52,21150.8,20958.52,21006.59,370600
2024-07-09,21054.66,21583.43,21006.59,21439.22,944700
2024-07-10,21535.36,21583.43,21246.94,21295.01,266300
2024-07-11,21295.01,21391.15,21102.73,21102.73,387700
2024-07-12,21102.73,21198.87,21006.59,21102.73,258400
2024-07-15,21054.66,21246.94,21006.59,21150.8,462000
2024-07-16,21150.8,21198.87,20958.52,20958.52,576700
2024-07-17,21054.66,21054.66,20189.4,20381.68,1133300
2024-07-18,20573.96,20573.96,20189.4,20285.54,413900
2024-07-19,20285.54,20333.61,19804.84,19997.12,627600
2024-07-22,19997.12,19997.12,19516.42,19660.63,575800
2024-07-23,19612.56,19756.77,19468.35,19468.35,326500
2024-07-24,19420.28,19612.56,19276.07,19468.35,468500
2024-07-25,19468.35,19468.35,19228.0,19228.0,227900
2024-07-26,19516.42,19708.7,19131.86,19708.7,703000
2024-07-29,19804.84,19804.84,19324.14,19324.14,353300
2024-07-30,19660.63,19660.63,19179.93,19228.0,495800
2024-07-31,19324.14,19324.14,19131.86,19228.0,462400
2024-08-01,19228.0,19324.14,18603.09,18603.09,681200
2024-08-02,18555.02,19131.86,18458.88,19131.86,649100
2024-08-05,19083.79,19179.93,18555.02,18603.09,607700
2024-08-06,18603.09,19035.72,18603.09,18795.37,217500
2024-08-07,18795.37,19179.93,18795.37,19083.79,387200
2024-08-08,19035.72,19131.86,18843.44,18891.51,256600
2024-08-09,18987.65,19131.86,18939.58,19083.79,218100
2024-08-12,19131.86,19516.42,18939.58,19324.14,710500
2024-08-13,19468.35,19516.42,18555.02,18651.16,1077800
2024-08-14,18555.02,18651.16,17930.11,18266.6,2024200
2024-08-15,18218.53,18410.81,18074.32,18266.6,522800
2024-08-16,18266.6,18651.16,18170.46,18651.16,869900
2024-08-19,18458.88,19228.0,18458.88,19131.86,1025300
2024-08-20,19179.93,19276.07,18891.51,19083.79,618200
2024-08-21,19035.72,19708.7,19035.72,19660.63,1241300
2024-08-22,19420.28,19708.7,19372.21,19372.21,390800
2024-08-23,19372.21,19468.35,19276.07,19420.28,389500
2024-08-26,19660.63,19660.63,19035.72,19228.0,740100
2024-08-27,19228.0,19276.07,19035.72,19131.86,267000
2024-08-28,19035.72,19179.93,18843.44,18939.58,347700
2024-08-29,19083.79,19131.86,18843.44,19083.79,337600
2024-08-30,19083.79,19228.0,18939.58,18939.58,226400
2024-09-04,18795.37,19372.21,18795.37,19372.21,574500
2024-09-05,19420.28,19468.35,19179.93,19179.93,570800
2024-09-06,19228.0,19228.0,18987.65,19083.79,238700
2024-09-09,19083.79,19131.86,18939.58,19131.86,199900
2024-09-10,19131.86,19179.93,18939.58,19131.86,200500
2024-09-11,18987.65,19228.0,18747.3,19179.93,502700
2024-09-12,19276.07,19324.14,19083.79,19131.86,147900
2024-09-13,19131.86,19228.0,18939.58,18939.58,195100
2024-09-16,18939.58,19035.72,18843.44,18939.58,204900
2024-09-17,18987.65,19179.93,18843.44,19179.93,255700
2024-09-18,19228.0,19564.49,19228.0,19372.21,495000
2024-09-19,19516.42,19516.42,19228.0,19228.0,275800
2024-09-20,19420.28,19420.28,19179.93,19179.93,218500
2024-09-23,19179.93,19276.07,18987.65,19035.72,136300
2024-09-24,19035.72,19179.93,18987.65,19035.72,168900
2024-09-25,19035.72,19179.93,19035.72,19179.93,306800
2024-09-26,19179.93,19468.35,19131.86,19131.86,394900
2024-09-27,19131.86,19276.07,19035.72,19035.72,259900
2024-09-30,19083.79,19131.86,18987.65,19035.72,288100
2024-10-01,19179.93,19179.93,19035.72,19083.79,250300
2024-10-02,18987.65,19228.0,18939.58,19035.72,263400
2024-10-03,19179.93,19179.93,18891.51,18891.51,269900
2024-10-04,18939.58,19035.72,18747.3,18891.51,194100
2024-10-07,18939.58,18987.65,18843.44,18891.51,127100
2024-10-08,18939.58,18939.58,18795.37,18795.37,175400
2024-10-09,18795.37,18891.51,18795.37,18891.51,119200
2024-10-10,18939.58,19035.72,18843.44,18843.44,127700
2024-10-11,18843.44,19035.72,18795.37,18891.51,211900
2024-10-14,19083.79,19131.86,18891.51,18891.51,368800
2024-10-15,18939.58,18987.65,18843.44,18891.51,142400
2024-10-16,18843.44,18891.51,18266.6,18699.23,311300
2024-10-17,18747.3,18747.3,18555.02,18651.16,151800
2024-10-18,18699.23,18795.37,18651.16,18651.16,94600
2024-10-21,18651.16,18651.16,18362.74,18410.81,192200
2024-10-22,18458.88,18651.16,18314.67,18410.81,275700
2024-10-23,18651.16,18651.16,18410.81,18555.02,83400
2024-10-24,18555.02,18555.02,18362.74,18506.95,199600
2024-10-25,18506.95,18506.95,18314.67,18314.67,166100
2024-10-28,18410.81,18410.81,18266.6,18362.74,131500
2024-10-29,18362.74,18506.95,18362.74,18458.88,63100
2024-10-30,18555.02,18555.02,18314.67,18314.67,95600
2024-10-31,18362.74,18362.74,18218.53,18266.6,204900
2024-11-01,18266.6,18266.6,18122.39,18170.46,173200
2024-11-04,18170.46,18170.46,17689.76,17930.11,222200
2024-11-05,17882.04,18074.32,17833.97,17833.97,112500
2024-11-06,17882.04,18266.6,17882.04,18170.46,213100
2024-11-07,18266.6,18266.6,18122.39,18218.53,70500
2024-11-08,18218.53,18218.53,17930.11,18122.39,113200
2024-11-11,18170.46,18170.46,17785.9,17882.04,135100
2024-11-12,17497.48,18266.6,17497.48,18218.53,465900
2024-11-13,18314.67,18314.67,17930.11,18218.53,184000
2024-11-14,18218.53,18218.53,17882.04,17882.04,90900
2024-11-15,17930.11,17930.11,17593.62,17593.62,166500
2024-11-18,17882.04,18362.74,17593.62,18362.74,307700
2024-11-19,18362.74,18410.81,18218.53,18218.53,140300
2024-11-20,18074.32,18410.81,17930.11,18362.74,181200
2024-11-21,18362.74,18362.74,18266.6,18362.74,111100
2024-11-22,18266.6,18410.81,18218.53,18362.74,111200
2024-11-25,18362.74,18891.51,18314.67,18795.37,557600
2024-11-26,18795.37,18843.44,18699.23,18747.3,154500
2024-11-27,18555.02,18843.44,18555.02,18699.23,493800
2024-11-28,18795.37,18843.44,18651.16,18651.16,159400
2024-11-29,18651.16,18843.44,18651.16,18795.37,202900
2024-12-02,18843.44,18843.44,18603.09,18603.09,102900
2024-12-03,18603.09,18843.44,18555.02,18843.44,259600
2024-12-04,18843.44,18987.65,18651.16,18891.51,294200
2024-12-05,18891.51,19228.0,18843.44,19228.0,784800
2024-12-06,19179.93,19372.21,18747.3,19035.72,305800
2024-12-09,19035.72,19083.79,18651.16,18939.58,360900
2024-12-10,18987.65,19083.79,18795.37,18795.37,224600
2024-12-11,18843.44,19179.93,18843.44,19131.86,255300
2024-12-12,18939.58,19228.0,18939.58,19179.93,281500
2024-12-13,19131.86,19179.93,18939.58,19035.72,150300
2024-12-16,18843.44,19708.7,18843.44,19035.72,216600
2024-12-17,19372.21,19372.21,18891.51,18987.65,203700
2024-12-18,18987.65,19228.0,18939.58,19035.72,307300
2024-12-19,18987.65,19276.07,18795.37,19035.72,477200
2024-12-20,19035.72,19324.14,19035.72,19179.93,221800
2024-12-23,19179.93,19276.07,19035.72,19228.0,286300
2024-12-24,19179.93,19852.91,19179.93,19852.91,1078500
2024-12-25,19852.91,20189.4,19804.84,20093.26,641600
2024-12-26,20093.26,20189.4,19900.98,20093.26,359100
2024-12-27,20093.26,20189.4,19949.05,20045.19,346000
2024-12-30,20141.33,20141.33,19804.84,19900.98,312200
2024-12-31,19900.98,20141.33,19900.98,20141.33,682700
2025-01-02,20093.26,20381.68,19997.12,20189.4,256400
2025-01-03,20093.26,20141.33,19949.05,20045.19,536900
2025-01-06,19997.12,20045.19,19756.77,19852.91,425300
2025-01-07,19852.91,19852.91,19420.28,19420.28,410300
2025-01-08,19372.21,20093.26,19324.14,20093.26,613500
2025-01-09,20093.26,20573.96,20093.26,20237.47,558800
2025-01-10,20237.47,20429.75,19852.91,20045.19,289500
2025-01-13,20045.19,20189.4,19900.98,20045.19,399300
2025-01-14,20285.54,20285.54,19949.05,20045.19,310100
2025-01-15,19949.05,20093.26,19949.05,20093.26,225400
2025-01-16,20141.33,20285.54,19900.98,19949.05,398300
2025-01-17,19800.0,20050.0,19750.0,19800.0,182200
2025-01-20,19700.0,19950.0,19700.0,19950.0,166700
2025-01-21,19900.0,19900.0,19500.0,19500.0,383700
2025-01-22,19500.0,19600.0,19400.0,19450.0,206100
2025-01-23,19450.0,19700.0,19450.0,19650.0,106000
2025-01-24,19700.0,19700.0,19500.0,19600.0,127300
2025-02-03,19450.0,19600.0,19450.0,19600.0,137000
2025-02-04,19600.0,19700.0,19350.0,19700.0,310200
2025-02-05,19750.0,20200.0,19700.0,19950.0,400900
2025-02-06,20000.0,20000.0,19800.0,19900.0,220200
2025-02-07,19900.0,20100.0,19850.0,19850.0,377500
2025-02-10,19800.0,19800.0,19550.0,19550.0,276500
2025-02-11,19550.0,19750.0,19500.0,19700.0,234900
2025-02-12,19800.0,20000.0,19700.0,20000.0,428100
2025-02-13,20000.0,21300.0,20000.0,21300.0,1985100
2025-02-14,21200.0,21500.0,21050.0,21100.0,595400
2025-02-17,21100.0,21400.0,21000.0,21000.0,775100
2025-02-18,21000.0,21000.0,20650.0,21000.0,537100
2025-02-19,21200.0,21350.0,20800.0,21150.0,736100
2025-02-20,21350.0,21350.0,20750.0,20750.0,482800
2025-02-21,20700.0,20850.0,20600.0,20850.0,495000
2025-02-24,20750.0,20900.0,20550.0,20750.0,348400
2025-02-25,20950.0,21250.0,20800.0,21250.0,908500
2025-02-26,21250.0,21250.0,20850.0,20850.0,509500
2025-02-27,20750.0,20900.0,20650.0,20700.0,412100
2025-02-28,20750.0,20950.0,20450.0,20700.0,415600
2025-03-03,20550.0,20950.0,20550.0,20750.0,328200
2025-03-04,20800.0,20850.0,20550.0,20600.0,403200
2025-03-05,20600.0,20650.0,20300.0,20300.0,493000
2025-03-06,20350.0,20500.0,20150.0,20150.0,708600
2025-03-07,20150.0,20350.0,20150.0,20200.0,532100
2025-03-10,20300.0,20350.0,20000.0,20150.0,580600
2025-03-11,20100.0,20150.0,19950.0,20100.0,292400
2025-03-12,20100.0,20200.0,19900.0,19950.0,462100
2025-03-13,19950.0,20150.0,19750.0,19750.0,511600
2025-03-14,19750.0,19800.0,19550.0,19550.0,468000
2025-03-17,19550.0,19950.0,19550.0,19900.0,323300
2025-03-18,19900.0,20500.0,19750.0,20050.0,658100
2025-03-19,20100.0,20400.0,19850.0,19850.0,300700
2025-03-20,19850.0,19950.0,19600.0,19850.0,257500
2025-03-21,19800.0,19900.0,19700.0,19700.0,188300
2025-03-24,19700.0,19850.0,19700.0,19700.0,192900
2025-03-25,19800.0,20300.0,19750.0,20300.0,539300
2025-03-26,20350.0,20350.0,20000.0,20000.0,398900
2025-03-27,20050.0,20300.0,20000.0,20000.0,222200
2025-03-28,20150.0,20450.0,20050.0,20100.0,418400
2025-03-31,20100.0,20200.0,19950.0,19950.0,366100
2025-04-01,20100.0,20350.0,19900.0,19950.0,440200
2025-04-02,20100.0,20100.0,19950.0,19950.0,246500
2025-04-03,18650.0,19500.0,18600.0,18600.0,2008300
2025-04-04,17350.0,18350.0,17350.0,18350.0,1363400
2025-04-08,17550.0,18350.0,17100.0,17100.0,1338900
2025-04-09,16150.0,17800.0,16000.0,16250.0,1557800
2025-04-10,17350.0,17350.0,17350.0,17350.0,83500
2025-04-11,18200.0,18200.0,17700.0,18200.0,897700
2025-04-14,18200.0,18400.0,17950.0,18300.0,449400
2025-04-15,18300.0,18300.0,17850.0,18000.0,417700
2025-04-16,18000.0,18350.0,18000.0,18050.0,357000
2025-04-17,18050.0,18150.0,17650.0,18150.0,697800
2025-04-18,18200.0,18700.0,18200.0,18350.0,351200
2025-04-21,18350.0,18600.0,18000.0,18000.0,486200
2025-04-22,18000.0,18000.0,16750.0,17600.0,1029700
2025-04-23,17550.0,17750.0,17150.0,17350.0,769400
2025-04-24,17500.0,17650.0,17200.0,17300.0,775600
2025-04-25,17350.0,17600.0,17300.0,17400.0,595600
2025-04-28,17550.0,17800.0,17400.0,17650.0,359300
2025-04-29,17650.0,17750.0,17500.0,17600.0,228400
2025-05-05,17650.0,18300.0,17550.0,18300.0,634600
2025-05-06,18400.0,18400.0,18150.0,18150.0,369000
2025-05-07,18000.0,18800.0,18000.0,18800.0,1035100
2025-05-08,18850.0,18900.0,18550.0,18700.0,341900
2025-05-09,18700.0,18900.0,18550.0,18700.0,451200
2025-05-12,19050.0,19100.0,18600.0,18650.0,1017400
2025-05-13,18750.0,18750.0,18550.0,18600.0,528100
2025-05-14,18600.0,18650.0,18500.0,18600.0,446700
2025-05-15,18700.0,18800.0,18400.0,18400.0,603000
2025-05-16,18400.0,19000.0,18300.0,18800.0,1015800
2025-05-19,18800.0,18850.0,18550.0,18600.0,445200
2025-05-20,18500.0,18750.0,18500.0,18700.0,527600
2025-05-21,18750.0,18750.0,18400.0,18500.0,537700
2025-05-22,18500.0,18800.0,18400.0,18400.0,532900
2025-05-23,18450.0,18550.0,18100.0,18150.0,692600
2025-05-26,18150.0,18350.0,17900.0,18350.0,584700
2025-05-27,18400.0,18500.0,18300.0,18350.0,580500
2025-05-28,18400.0,18800.0,18400.0,18450.0,1187700
2025-05-29,18600.0,18650.0,18450.0,18500.0,570500
2025-05-30,18600.0,18900.0,18500.0,18650.0,799100
2025-06-02,18700.0,19200.0,18500.0,19100.0,1256100
2025-06-03,19150.0,19200.0,18900.0,18950.0,763800
2025-06-04,18950.0,19300.0,18800.0,18800.0,937600
2025-06-05,18850.0,18850.0,18500.0,18550.0,1012700
2025-06-06,18700.0,18800.0,18400.0,18400.0,741500
2025-06-09,18400.0,18500.0,18150.0,18150.0,714200
2025-06-10,18150.0,18300.0,18100.0,18100.0,483800
2025-06-11,18150.0,18150.0,17900.0,18000.0,655300
2025-06-12,18050.0,18250.0,18000.0,18100.0,526000
2025-06-13,17950.0,18050.0,17600.0,17900.0,1025500
2025-06-16,17900.0,18150.0,17900.0,18050.0,838200
2025-06-17,18200.0,18400.0,18050.0,18150.0,748100
2025-06-18,18150.0,18300.0,17950.0,18300.0,649900
2025-06-19,18400.0,18450.0,18300.0,18300.0,718700
2025-06-20,18450.0,18450.0,18250.0,18300.0,484500
2025-06-23,18200.0,18900.0,18150.0,18850.0,1375400
2025-06-24,19100.0,19700.0,19100.0,19450.0,2735300
2025-06-25,19600.0,19600.0,19300.0,19400.0,1193100
2025-06-26,19400.0,19450.0,19100.0,19200.0,803800
2025-06-27,19250.0,19300.0,19100.0,19300.0,799400
2025-06-30,19400.0,19400.0,19150.0,19250.0,1043000
2025-07-01,19150.0,19300.0,18900.0,19100.0,869200
2025-07-02,19200.0,19200.0,18950.0,19000.0,809500
2025-07-03,19000.0,19300.0,18900.0,19000.0,824600
2025-07-04,19000.0,19500.0,19000.0,19500.0,900400
2025-07-07,19650.0,19650.0,19350.0,19450.0,920700
2025-07-08,19500.0,19750.0,19400.0,19700.0,1844100
2025-07-09,19750.0,19900.0,19650.0,19750.0,1202100
2025-07-10,19850.0,19900.0,19650.0,19700.0,760600
2025-07-11,19600.0,19750.0,19400.0,19400.0,860700
2025-07-14,19500.0,19850.0,19500.0,19600.0,882800
2025-07-15,19600.0,19750.0,19300.0,19300.0,984100
2025-07-16,19400.0,20100.0,19350.0,19950.0,2135600
2025-07-17,20000.0,20200.0,19750.0,19800.0,1499500
2025-07-18,19800.0,20250.0,19750.0,20100.0,1550700
2025-07-21,21000.0,21050.0,20500.0,20600.0,3315900
2025-07-22,20700.0,20850.0,20300.0,20450.0,1654900
2025-07-23,20500.0,20900.0,20450.0,20600.0,2598200
2025-07-24,20800.0,20800.0,20350.0,20600.0,2097600
2025-07-25,20650.0,20900.0,20500.0,20500.0,2181000
2025-07-28,20850.0,20850.0,20500.0,20700.0,1942000
2025-07-29,20800.0,20900.0,19950.0,20000.0,3100200
2025-07-30,19950.0,20200.0,19650.0,20000.0,1371900
2025-07-31,20100.0,20350.0,19750.0,20200.0,1353700
2025-08-01,20250.0,20500.0,20100.0,20500.0,1537500
2025-08-04,21050.0,21900.0,21050.0,21900.0,4594900
2025-08-05,22800.0,22800.0,21200.0,21600.0,4191900
2025-08-06,21600.0,21800.0,21350.0,21450.0,2027400
2025-08-07,21900.0,22150.0,21550.0,21900.0,2501700
2025-08-08,21950.0,22050.0,21400.0,21650.0,2081900
2025-08-11,21800.0,22100.0,21600.0,22050.0,2115800
2025-08-12,22200.0,22850.0,22000.0,22450.0,3275700
2025-08-13,22500.0,22550.0,21850.0,22150.0,2678100
2025-08-14,22300.0,22300.0,21700.0,21800.0,1685800
2025-08-15,21950.0,22350.0,21550.0,21700.0,1798700
2025-08-18,21700.0,22400.0,21700.0,22200.0,2024400
2025-08-19,22200.0,22750.0,22200.0,22400.0,2232900
2025-08-20,22400.0,22400.0,21100.0,21600.0,2740000
2025-08-21,21700.0,21750.0,21200.0,21400.0,1007200
2025-08-22,21200.0,21700.0,20800.0,21350.0,1736000
2025-08-25,21450.0,21900.0,21350.0,21450.0,1689100
2025-08-26,21800.0,21800.0,21200.0,21700.0,893700
2025-08-27,21800.0,23000.0,21650.0,22300.0,3007900
2025-08-28,22500.0,22550.0,22000.0,22200.0,729500
2025-08-29,22200.0,22650.0,21950.0,22300.0,1616500
2025-09-03,22400.0,22750.0,22100.0,22700.0,1738200
2025-09-04,23000.0,23500.0,22600.0,22650.0,1713000
2025-09-05,22700.0,22800.0,22150.0,22150.0,2333400
2025-09-08,22150.0,22200.0,21300.0,21300.0,1414700
2025-09-09,21400.0,21550.0,21100.0,21400.0,1430800
2025-09-10,21450.0,21850.0,21400.0,21700.0,726000
2025-09-11,21400.0,21700.0,21050.0,21600.0,915100
2025-09-12,21700.0,22050.0,21650.0,21900.0,737400
2025-09-15,22000.0,22100.0,21850.0,22100.0,737600
2025-09-16,22200.0,23100.0,22100.0,22650.0,2725400
2025-09-17,22800.0,22800.0,22150.0,22200.0,856000
2025-09-18,22200.0,23000.0,22050.0,22750.0,2582900
2025-09-19,22800.0,24000.0,22800.0,23700.0,4076100
2025-09-22,23800.0,23800.0,22500.0,22750.0,2149900
2025-09-23,22950.0,22950.0,22450.0,22800.0,1170600
2025-09-24,22850.0,23300.0,22450.0,23300.0,1172000
2025-09-25,24200.0,24700.0,23700.0,24400.0,3710300
2025-09-26,24350.0,24400.0,23650.0,23650.0,2090500
2025-09-29,23600.0,24500.0,23600.0,23800.0,1908400
2025-09-30,23800.0,23800.0,22800.0,23400.0,2188700
2025-10-01,23350.0,23350.0,22850.0,23300.0,814300
2025-10-02,23000.0,23850.0,23000.0,23600.0,1077700
2025-10-03,23500.0,24800.0,22450.0,23200.0,2131400
2025-10-06,23000.0,23450.0,22900.0,23450.0,830200
2025-10-07,23700.0,23700.0,23150.0,23250.0,800000
2025-10-08,23750.0,23750.0,22900.0,23050.0,1398500
2025-10-09,23000.0,23650.0,22950.0,23300.0,1381100
2025-10-10,23200.0,23600.0,23200.0,23550.0,817300
2025-10-13,23200.0,23450.0,22950.0,23100.0,1223600
2025-10-14,22950.0,23200.0,22400.0,22400.0,1917700
2025-10-15,22250.0,22950.0,22250.0,22650.0,766700
2025-10-16,22900.0,22900.0,22400.0,22750.0,479600
2025-10-17,22800.0,22900.0,22350.0,22450.0,1523000
